DBRep_DrawableShape

CASCADE Topology V3, (c) Open Cascade
Locations 0
Curve2ds 398
1 24.238800981534279 -48.806931892786267 0.97983766883717127 0.1997952520150017 
1 24.238800981534279 -48.806931892786267 0.97983766883717127 0.1997952520150017 
1 20.823825160719903 -48.267496606585276 0.9877527780705575 -0.15602707910454558 
1 20.823825160719903 -48.267496606585276 0.9877527780705575 -0.15602707910454558 
1 27.181830577881723 -48.206829081279068 0.73374064510112402 0.67942966208915723 
1 27.181830577881723 -48.206829081279068 0.73374064510112402 0.67942966208915723 
1 18.550801317687711 -46.571117393266121 0.80141743608103178 -0.59810541975918041 
1 29.46888282900056 -46.089062880738602 0.44783699808799549 0.89411521804716687 
1 17.134436203375881 -44.196051840121221 0.51218743864360117 -0.85887369717305206 
1 30.811824453028276 -43.407853985272972 0.10521662555901355 0.99444932586129009 
1 16.764458526760134 -41.713793563936804 0.14742030705017781 -0.98907393710947189 
1 32.816504602185766 -24.46072645380654 -0.44072571916025077 0.89764182192602859 
1 17.260556208472945 -37.020580806815872 -0.10511969436099089 -0.99445957678401997 
1 31.877353911237474 -22.547924680195074 -0.60344661991806448 0.79740339660015447 
1 16.80031166406641 -32.806833781904906 0.10857877936119628 -0.99408784756299717 
1 29.706477339686284 -19.679295882523359 -0.16329030992416688 0.98657806314800534 
1 15.572088755918468 -29.359785284414375 0.33564173771453437 -0.94198971539182308 
1 29.150245467328613 -16.318617814445282 -0.0084121140441135375 0.99996461754269528 
1 13.957242936596426 -26.582834295470526 0.50269942584865512 -0.86446126995454964 
1 28.86052683199561 18.12080880964859 0.31343053694224032 0.94961113015386411 
1 11.670233795678424 -23.805498661772237 0.63567272971414379 -0.77195866514844502 
1 29.722041023857184 20.730967581536294 0.56910223908169522 0.82226677025902073 
1 9.0903456643758993 -21.795854643799235 0.78889789575878955 -0.61452429575026091 
1 31.727080973032241 23.627947438633317 0.00091413442703970832 0.99999958217903739 
1 5.9302505184801042 -20.364214835976622 0.91088340133873347 -0.4126638210039496 
1 31.729645863781581 26.433759802556008 -0.11994992021112319 0.99277994371428824 
1 2.3803376685480693 -19.800228281337418 0.98761362290714094 -0.15690548699211149 
1 29.727840101501027 43.001945996476756 -0.4135738321891721 0.91047058454865126 
1 -14.661399046108652 -20.25142926366858 0.9996496887210633 0.026466957510854247 
1 28.580051923156443 45.528767793068134 -0.6699705371594209 0.74238768802985766 
1 -15.915505080654459 -21.319368366919328 0.76135513465957172 0.64833506686551012 
1 26.379536326203517 47.967137237524462 -0.8752926994446627 0.4835935176352919 
1 -16.105154525666695 -26.05380632475952 0.040025336479288957 0.9991986651510899 
1 23.89045174791563 49.342340261232643 -0.99997507071157676 0.0070610165965807542 
1 -17.745060980093129 -26.929679694763667 0.88207213525064587 0.47111436850765487 
1 21.496187679014891 49.359246621023267 -0.95318415540999613 -0.30239041961565571 
1 -41.649907416576454 -27.118203310353124 0.99996890365465863 0.0078861729438381833 
1 19.100673766273911 48.599288061958354 -0.68616577638188869 -0.72744520571809401 
1 -43.009729527421214 -26.735625098288843 0.96262727503283774 -0.27082970546609814 
1 17.280406081111291 46.669513878703022 -0.41269511424703365 -0.91086922369604073 
1 -43.791501617131352 -25.382689294110019 0.50031398919019665 -0.86584404613105226 
1 16.227432658911678 44.345471139787996 -0.11232269054397656 -0.99367178343201545 
1 -44.366560443404545 24.267706870688119 0.011581383101179158 -0.99993293353377644 
1 15.94221450326469 41.822265614560926 0.16328816189401443 -0.98657841866993734 
1 -43.69079010841088 26.221538690293936 -0.32687036487826887 -0.94506918506760529 
1 16.617743596756053 37.740754639779873 0.00063290704840014657 -0.99999979971431407 
1 -42.328185838494853 26.903883646576009 -0.89415329993309556 -0.44776095879247402 
1 16.620139737321676 33.954827319541316 -0.25163626019954094 -0.9678218805920793 
1 -17.820791442174684 26.666925719302856 -0.99995326010203356 0.0096683820422536534 
1 15.662131276341594 30.270217042812373 -0.46427937025744997 -0.88568880898052771 
1 -16.55787414520535 25.397307413022222 -0.70523333023339463 0.70897528160572409 
1 13.935248743053737 26.975906263272723 -0.63148282766723507 -0.77538986217347017 
1 -15.580506779384837 20.816421137265788 -0.20866126592543346 0.97798797339353594 
1 11.726804110933418 24.264184734370151 -0.80800305084231094 -0.58917830054196507 
1 -14.029511021966794 20.132555691433947 -0.91500435784957157 0.40344395535971678 
1 8.9398093783674959 22.231968620283897 -0.92614881088716194 -0.37715829580203597 
1 1.9127365489803161 20.205617324714236 -0.99998949870598008 -0.0045828460330613512 
1 5.3802385551052403 20.782394156972504 -0.98644647210126346 -0.16408338635880027 
1 0 0 1 0 
2 0 0 1 0 -0 1 1.6441058495209369
2 -22.96784929409781 -22.118422236167152 1 0 -0 1 1.6441058495209369
1 5.5192155544144867 -24.290896163547938 -0.0024055443022384312 0.99999710667411934 
1 0 0 1 0 
1 -29.930536207032556 -24.368054667245204 -0.0024055443022384312 0.99999710667411934 
1 -5.4340125560191623 -24.32786298927363 0.99999430483449059 0.0033749516417254152 
1 0 0 1 0 
1 -40.883764317466209 -24.405021492970896 0.99999430483449059 0.0033749516417254152 
1 5.4716269538900484 -4.5080708001462551 0.59765931116304538 0.80175017791087155 
1 0 0 1 0 
1 -29.978124807556995 -4.5852293038435201 0.59765931116304538 0.80175017791087155 
1 -5.992097519662309 24.243898966128839 0.011489147319611401 -0.99993399756877366 
1 0 0 1 0 
1 -41.441849281109356 24.166740462431573 0.011489147319611401 -0.99993399756877366 
1 6.9223013086143901 -2.5620149113362434 0.32764542094376159 0.94480076107853839 
1 0 0 1 0 
1 -28.527450452832653 -2.639173415033508 0.32764542094376159 0.94480076107853839 
1 5.0089707203372917 24.327373658683541 -0.99997121334583783 -0.0075876531057314355 
1 0 0 1 0 
1 -30.440781041109751 24.250215154986275 -0.99997121334583783 -0.0075876531057314355 
1 7.5969131671341756 -0.6166991626034013 -0.0023068311248013369 0.99999733926154111 
1 0 0 1 0 
1 -27.852838594312868 -0.69385766630066614 -0.0023068311248013369 0.99999733926154111 
1 5.4480822665038069 4.9273930762416693 -0.022628842497283055 0.99974393495896396 
1 0 0 1 0 
1 -30.001669494943236 4.8502345725444043 -0.022628842497283055 0.99974393495896396 
1 7.593323668963631 0.93932658251391943 -0.3316991649511894 0.94338521504774686 
1 0 0 1 0 
1 -27.856428092483412 0.86216807881665458 -0.3316991649511894 0.94338521504774686 
1 6.9094111175469628 2.8844414865173977 -0.5817857908727776 0.81334205199198739 
1 0 0 1 0 
1 -28.54034064390008 2.8072829828201331 -0.5817857908727776 0.81334205199198739 
1 6.0330239261959591 -8.0212009151733099 -0.0062976849766024608 0.99998016938534107 
1 0 0 1 0 
1 -5.1164101623698421 -7.9347359472449641 -0.0062976849766024608 0.99998016938534107 
1 -5.9385427415426904 -8.0467907174124065 0.99999771545141491 0.0021375434383964225 
1 0 0 1 0 
1 -17.087976830108492 -7.9603257494840607 0.99999771545141491 0.0021375434383964225 
1 5.9316333950550515 8.0781309632930132 -0.99996624654570621 -0.0082161894630012611 
1 0 0 1 0 
1 -5.2178006935107497 8.1645959312213598 -0.99996624654570621 -0.0082161894630012611 
1 -6.0571438664086088 7.9796255729859169 0.0074001495557340837 -0.99997261851840369 
1 0 0 1 0 
1 -17.20657795497441 8.0660905409142636 0.0074001495557340837 -0.99997261851840369 
1 0 0 1 0 
2 0 7.1054273576010019e-15 1 0 -0 1 1.6193334911836779
2 23.898146181867798 -41.846300353692008 1 0 -0 1 1.6193334911836779
1 0 0 1 0 
2 7.6314043846916313 -1.7646400543828621e-15 5.5026739957027556e-16 -1 1 5.5026739957027556e-16 1.6162138354337394
2 24.895301494618749 -32.560669513300944 0.99999116851102221 -0.0042027253015771661 -0.0042027253015771661 -0.99999116851102221 1.6162138354337394
1 0 0 1 0 
1 -7.6314043846916304 -1.6162138354337376 1 -3.6005768562783756e-19 
1 26.575646449066024 -17.304788040024036 -0.0042027253015766161 -0.99999116851102221 
1 0 0 1 0 
1 7.6314043846916304 1.6162138354337376 -1 3.6005768562783756e-19 
1 23.279101932759684 -32.553877010522008 0.0042027253015766161 0.99999116851102221 
1 0 0 1 0 
2 -7.6314043846916277 1.7507622665750476e-15 -5.5026739957027556e-16 1 -1 -5.5026739957027556e-16 1.6162138354337394
2 24.959446887206958 -17.297995537245104 -0.99999116851102221 0.0042027253015771661 0.0042027253015771661 0.99999116851102221 1.6162138354337394
1 0 0 1 0 
2 2.2204460492503131e-16 0 1 0 -0 1 1.6384281807018697
2 0.36770390208021903 -14.883965194869996 1 0 -0 1 1.6384281807018697
1 0 0 1 0 
2 15.136656212677002 6.4122001574080822e-16 -5.4953115654495371e-20 -1 1 -5.4953115654495371e-20 1.6272118570462153
2 13.030981058536094 -14.937062433206075 0.99999916026810476 -0.0012959410037839403 -0.0012959410037839405 -0.99999916026810487 1.6272118570462153
1 0 0 1 0 
1 -15.136656212677 -1.627211857046216 1 5.4953115654495359e-20 
1 14.697423976052992 15.334115800114517 -0.0012959410037839405 -0.99999916026810487 
1 0 0 1 0 
1 15.136656212677 1.627211857046216 -1 -5.4953115654495359e-20 
1 11.403770567911575 -14.934953662638684 0.0012959410037839405 0.99999916026810487 
1 0 0 1 0 
2 -15.136656212677002 -6.4122001574080822e-16 5.4953115654495371e-20 1 -1 5.4953115654495371e-20 1.6272118570462153
2 13.070213485428473 15.336224570681908 -0.99999916026810476 0.0012959410037839403 0.0012959410037839405 0.99999916026810487 1.6272118570462153
1 0 0 1 0 
2 15.073854196533345 -1.4475193401383138e-15 -1.0546727840378829e-19 -1 1 -1.0546727840378829e-19 1.6234610080951195
2 19.054562276826786 -14.81873365609535 0.99999833646932146 -0.0018240226395980219 -0.0018240226395980219 -0.99999833646932146 1.6234610080951195
1 0 0 1 0 
1 -15.073854196533345 -1.6234610080951215 1 1.0546727840378829e-19 
1 20.733010686885667 15.325963355700271 -0.0018240226395980219 -0.99999833646932146 
1 0 0 1 0 
1 15.073854196533349 1.6234610080951215 -1 -1.0546727840378829e-19 
1 17.431103969408856 -14.815772426462082 0.0018240226395980219 0.99999833646932146 
1 0 0 1 0 
2 -15.073854196533345 1.4475193401383138e-15 1.0546727840378829e-19 1 -1 1.0546727840378829e-19 1.6234610080951195
2 19.109552379467736 15.328924585333542 -0.99999833646932146 0.0018240226395980219 0.0018240226395980219 0.99999833646932146 1.6234610080951195
1 0 0 1 0 
2 0 0 1 0 -0 1 1.6540224236778123
2 -23.342325785072905 22.191606797047644 1 0 -0 1 1.6540224236778123
1 0 0 1 0 
2 2.3592239273284576e-16 3.5527136788005009e-15 1 0 -0 1 1.6452064316253026
2 0.083792947810980623 15.447228128093105 1 0 -0 1 1.6452064316253026
1 0 0 1 0 
2 7.5563620080241067 -4.2440349881023497e-16 5.4678876373276732e-16 -1 1 5.4678876373276732e-16 1.6244968129173127
2 24.468659026526719 17.935345966494857 0.99999989228562691 -0.00046414301094498676 -0.00046414301094498676 -0.99999989228562691 1.6244968129173127
1 0 0 1 0 
1 -7.5563620080241085 -1.6244968129173123 1 -2.5608148327429867e-20 
1 26.100170129690756 33.047314355843461 -0.00046414301094443999 -0.99999989228562691 
1 0 0 1 0 
1 7.556362008024105 1.6244968129173123 -1 2.5608148327429867e-20 
1 22.844162388591062 17.936099965336876 0.00046414301094443999 0.99999989228562691 
1 0 0 1 0 
2 -7.5563620080241067 4.2440349881023497e-16 -5.4678876373276732e-16 1 -1 -5.4678876373276732e-16 1.6244968129173127
2 24.475673491755099 33.048068354685476 -0.99999989228562691 0.00046414301094498676 0.00046414301094498676 0.99999989228562691 1.6244968129173127
1 0 0 1 0 
2 3.5527136788005009e-15 7.1054273576010019e-15 1 0 -0 1 1.6382370891096976
2 23.036080325559279 42.461314456727983 1 0 -0 1 1.6382370891096976
1 18.550801317687711 -46.571117393266121 0.80141743608103178 -0.59810541975918041 
1 29.46888282900056 -46.089062880738602 0.44783699808799549 0.89411521804716687 
1 17.134436203375881 -44.196051840121221 0.51218743864360117 -0.85887369717305206 
1 30.811824453028276 -43.407853985272972 0.10521662555901355 0.99444932586129009 
1 16.764458526760134 -41.713793563936804 0.14742030705017781 -0.98907393710947189 
1 32.816504602185766 -24.46072645380654 -0.44072571916025077 0.89764182192602859 
1 17.260556208472945 -37.020580806815872 -0.10511969436099089 -0.99445957678401997 
1 31.877353911237474 -22.547924680195074 -0.60344661991806448 0.79740339660015447 
1 16.80031166406641 -32.806833781904906 0.10857877936119628 -0.99408784756299717 
1 29.706477339686284 -19.679295882523359 -0.16329030992416688 0.98657806314800534 
1 15.572088755918468 -29.359785284414375 0.33564173771453437 -0.94198971539182308 
1 29.150245467328613 -16.318617814445282 -0.0084121140441135375 0.99996461754269528 
1 13.957242936596426 -26.582834295470526 0.50269942584865512 -0.86446126995454964 
1 28.86052683199561 18.12080880964859 0.31343053694224032 0.94961113015386411 
1 11.670233795678424 -23.805498661772237 0.63567272971414379 -0.77195866514844502 
1 29.722041023857184 20.730967581536294 0.56910223908169522 0.82226677025902073 
1 9.0903456643758993 -21.795854643799235 0.78889789575878955 -0.61452429575026091 
1 31.727080973032241 23.627947438633317 0.00091413442703970832 0.99999958217903739 
1 5.9302505184801042 -20.364214835976622 0.91088340133873347 -0.4126638210039496 
1 31.729645863781581 26.433759802556008 -0.11994992021112319 0.99277994371428824 
1 2.3803376685480693 -19.800228281337418 0.98761362290714094 -0.15690548699211149 
1 29.727840101501027 43.001945996476756 -0.4135738321891721 0.91047058454865126 
1 -14.661399046108652 -20.25142926366858 0.9996496887210633 0.026466957510854247 
1 28.580051923156443 45.528767793068134 -0.6699705371594209 0.74238768802985766 
1 -15.915505080654459 -21.319368366919328 0.76135513465957172 0.64833506686551012 
1 26.379536326203517 47.967137237524462 -0.8752926994446627 0.4835935176352919 
1 -16.105154525666695 -26.05380632475952 0.040025336479288957 0.9991986651510899 
1 23.89045174791563 49.342340261232643 -0.99997507071157676 0.0070610165965807542 
1 -17.745060980093129 -26.929679694763667 0.88207213525064587 0.47111436850765487 
1 21.496187679014891 49.359246621023267 -0.95318415540999613 -0.30239041961565571 
1 -41.649907416576454 -27.118203310353124 0.99996890365465863 0.0078861729438381833 
1 19.100673766273911 48.599288061958354 -0.68616577638188869 -0.72744520571809401 
1 -43.009729527421214 -26.735625098288843 0.96262727503283774 -0.27082970546609814 
1 17.280406081111291 46.669513878703022 -0.41269511424703365 -0.91086922369604073 
1 -43.791501617131352 -25.382689294110019 0.50031398919019665 -0.86584404613105226 
1 16.227432658911678 44.345471139787996 -0.11232269054397656 -0.99367178343201545 
1 -44.366560443404545 24.267706870688119 0.011581383101179158 -0.99993293353377644 
1 15.94221450326469 41.822265614560926 0.16328816189401443 -0.98657841866993734 
1 -43.69079010841088 26.221538690293936 -0.32687036487826887 -0.94506918506760529 
1 16.617743596756053 37.740754639779873 0.00063290704840014657 -0.99999979971431407 
1 -42.328185838494853 26.903883646576009 -0.89415329993309556 -0.44776095879247402 
1 16.620139737321676 33.954827319541316 -0.25163626019954094 -0.9678218805920793 
1 -17.820791442174684 26.666925719302856 -0.99995326010203356 0.0096683820422536534 
1 15.662131276341594 30.270217042812373 -0.46427937025744997 -0.88568880898052771 
1 -16.55787414520535 25.397307413022222 -0.70523333023339463 0.70897528160572409 
1 13.935248743053737 26.975906263272723 -0.63148282766723507 -0.77538986217347017 
1 -15.580506779384837 20.816421137265788 -0.20866126592543346 0.97798797339353594 
1 11.726804110933418 24.264184734370151 -0.80800305084231094 -0.58917830054196507 
1 -14.029511021966794 20.132555691433947 -0.91500435784957157 0.40344395535971678 
1 8.9398093783674959 22.231968620283897 -0.92614881088716194 -0.37715829580203597 
1 1.9127365489803161 20.205617324714236 -0.99998949870598008 -0.0045828460330613512 
1 5.3802385551052403 20.782394156972504 -0.98644647210126346 -0.16408338635880027 
1 0 -2 1 0 
2 0 0 1 0 -0 1 1.6441058495209369
2 -22.96784929409781 -22.118422236167152 1 0 -0 1 1.6441058495209369
1 5.5192155544144867 -24.290896163547938 -0.0024055443022384312 0.99999710667411934 
1 0 -2 1 0 
1 -29.930536207032556 -24.368054667245204 -0.0024055443022384312 0.99999710667411934 
1 -5.4340125560191623 -24.32786298927363 0.99999430483449059 0.0033749516417254152 
1 0 -2 1 0 
1 -40.883764317466209 -24.405021492970896 0.99999430483449059 0.0033749516417254152 
1 5.4716269538900484 -4.5080708001462551 0.59765931116304538 0.80175017791087155 
1 0 -2 1 0 
1 -29.978124807556995 -4.5852293038435201 0.59765931116304538 0.80175017791087155 
1 -5.992097519662309 24.243898966128839 0.011489147319611401 -0.99993399756877366 
1 0 -2 1 0 
1 -41.441849281109356 24.166740462431573 0.011489147319611401 -0.99993399756877366 
1 6.9223013086143901 -2.5620149113362434 0.32764542094376159 0.94480076107853839 
1 0 -2 1 0 
1 -28.527450452832653 -2.639173415033508 0.32764542094376159 0.94480076107853839 
1 5.0089707203372917 24.327373658683541 -0.99997121334583783 -0.0075876531057314355 
1 0 -2 1 0 
1 -30.440781041109751 24.250215154986275 -0.99997121334583783 -0.0075876531057314355 
1 7.5969131671341756 -0.6166991626034013 -0.0023068311248013369 0.99999733926154111 
1 0 -2 1 0 
1 -27.852838594312868 -0.69385766630066614 -0.0023068311248013369 0.99999733926154111 
1 5.4480822665038069 4.9273930762416693 -0.022628842497283055 0.99974393495896396 
1 0 -2 1 0 
1 -30.001669494943236 4.8502345725444043 -0.022628842497283055 0.99974393495896396 
1 7.593323668963631 0.93932658251391943 -0.3316991649511894 0.94338521504774686 
1 0 -2 1 0 
1 -27.856428092483412 0.86216807881665458 -0.3316991649511894 0.94338521504774686 
1 6.9094111175469628 2.8844414865173977 -0.5817857908727776 0.81334205199198739 
1 0 -2 1 0 
1 -28.54034064390008 2.8072829828201331 -0.5817857908727776 0.81334205199198739 
1 6.0330239261959591 -8.0212009151733099 -0.0062976849766024608 0.99998016938534107 
1 0 -2 1 0 
1 -5.1164101623698421 -7.9347359472449641 -0.0062976849766024608 0.99998016938534107 
1 -5.9385427415426904 -8.0467907174124065 0.99999771545141491 0.0021375434383964225 
1 0 -2 1 0 
1 -17.087976830108492 -7.9603257494840607 0.99999771545141491 0.0021375434383964225 
1 5.9316333950550515 8.0781309632930132 -0.99996624654570621 -0.0082161894630012611 
1 0 -2 1 0 
1 -5.2178006935107497 8.1645959312213598 -0.99996624654570621 -0.0082161894630012611 
1 -6.0571438664086088 7.9796255729859169 0.0074001495557340837 -0.99997261851840369 
1 0 -2 1 0 
1 -17.20657795497441 8.0660905409142636 0.0074001495557340837 -0.99997261851840369 
1 0 -2 1 0 
2 0 7.1054273576010019e-15 1 0 -0 1 1.6193334911836779
2 23.898146181867798 -41.846300353692008 1 0 -0 1 1.6193334911836779
1 0 -2 1 0 
2 7.6314043846916313 -1.7646400543828621e-15 5.5026739957027556e-16 -1 1 5.5026739957027556e-16 1.6162138354337394
2 24.895301494618749 -32.560669513300944 0.99999116851102221 -0.0042027253015771661 -0.0042027253015771661 -0.99999116851102221 1.6162138354337394
1 0 -2 1 0 
1 -7.6314043846916304 -1.6162138354337376 1 -3.6005768562783756e-19 
1 26.575646449066024 -17.304788040024036 -0.0042027253015766161 -0.99999116851102221 
1 0 -2 1 0 
1 7.6314043846916304 1.6162138354337376 -1 3.6005768562783756e-19 
1 23.279101932759684 -32.553877010522008 0.0042027253015766161 0.99999116851102221 
1 0 -2 1 0 
2 -7.6314043846916277 1.7507622665750476e-15 -5.5026739957027556e-16 1 -1 -5.5026739957027556e-16 1.6162138354337394
2 24.959446887206958 -17.297995537245104 -0.99999116851102221 0.0042027253015771661 0.0042027253015771661 0.99999116851102221 1.6162138354337394
1 0 -2 1 0 
2 2.2204460492503131e-16 0 1 0 -0 1 1.6384281807018697
2 0.36770390208021903 -14.883965194869996 1 0 -0 1 1.6384281807018697
1 0 -2 1 0 
2 15.136656212677002 6.4122001574080822e-16 -5.4953115654495371e-20 -1 1 -5.4953115654495371e-20 1.6272118570462153
2 13.030981058536094 -14.937062433206075 0.99999916026810476 -0.0012959410037839403 -0.0012959410037839405 -0.99999916026810487 1.6272118570462153
1 0 -2 1 0 
1 -15.136656212677 -1.627211857046216 1 5.4953115654495359e-20 
1 14.697423976052992 15.334115800114517 -0.0012959410037839405 -0.99999916026810487 
1 0 -2 1 0 
1 15.136656212677 1.627211857046216 -1 -5.4953115654495359e-20 
1 11.403770567911575 -14.934953662638684 0.0012959410037839405 0.99999916026810487 
1 0 -2 1 0 
2 -15.136656212677002 -6.4122001574080822e-16 5.4953115654495371e-20 1 -1 5.4953115654495371e-20 1.6272118570462153
2 13.070213485428473 15.336224570681908 -0.99999916026810476 0.0012959410037839403 0.0012959410037839405 0.99999916026810487 1.6272118570462153
1 0 -2 1 0 
2 15.073854196533345 -1.4475193401383138e-15 -1.0546727840378829e-19 -1 1 -1.0546727840378829e-19 1.6234610080951195
2 19.054562276826786 -14.81873365609535 0.99999833646932146 -0.0018240226395980219 -0.0018240226395980219 -0.99999833646932146 1.6234610080951195
1 0 -2 1 0 
1 -15.073854196533345 -1.6234610080951215 1 1.0546727840378829e-19 
1 20.733010686885667 15.325963355700271 -0.0018240226395980219 -0.99999833646932146 
1 0 -2 1 0 
1 15.073854196533349 1.6234610080951215 -1 -1.0546727840378829e-19 
1 17.431103969408856 -14.815772426462082 0.0018240226395980219 0.99999833646932146 
1 0 -2 1 0 
2 -15.073854196533345 1.4475193401383138e-15 1.0546727840378829e-19 1 -1 1.0546727840378829e-19 1.6234610080951195
2 19.109552379467736 15.328924585333542 -0.99999833646932146 0.0018240226395980219 0.0018240226395980219 0.99999833646932146 1.6234610080951195
1 0 -2 1 0 
2 0 0 1 0 -0 1 1.6540224236778123
2 -23.342325785072905 22.191606797047644 1 0 -0 1 1.6540224236778123
1 0 -2 1 0 
2 2.3592239273284576e-16 3.5527136788005009e-15 1 0 -0 1 1.6452064316253026
2 0.083792947810980623 15.447228128093105 1 0 -0 1 1.6452064316253026
1 0 -2 1 0 
2 7.5563620080241067 -4.2440349881023497e-16 5.4678876373276732e-16 -1 1 5.4678876373276732e-16 1.6244968129173127
2 24.468659026526719 17.935345966494857 0.99999989228562691 -0.00046414301094498676 -0.00046414301094498676 -0.99999989228562691 1.6244968129173127
1 0 -2 1 0 
1 -7.5563620080241085 -1.6244968129173123 1 -2.5608148327429867e-20 
1 26.100170129690756 33.047314355843461 -0.00046414301094443999 -0.99999989228562691 
1 0 -2 1 0 
1 7.556362008024105 1.6244968129173123 -1 2.5608148327429867e-20 
1 22.844162388591062 17.936099965336876 0.00046414301094443999 0.99999989228562691 
1 0 -2 1 0 
2 -7.5563620080241067 4.2440349881023497e-16 -5.4678876373276732e-16 1 -1 -5.4678876373276732e-16 1.6244968129173127
2 24.475673491755099 33.048068354685476 -0.99999989228562691 0.00046414301094498676 0.00046414301094498676 0.99999989228562691 1.6244968129173127
1 0 -2 1 0 
2 3.5527136788005009e-15 7.1054273576010019e-15 1 0 -0 1 1.6382370891096976
2 23.036080325559279 42.461314456727983 1 0 -0 1 1.6382370891096976
1 0 0 0 -1 
1 6.2831853071795862 0 0 -1 
1 0 0 0 -1 
1 10.953290491235871 0 0 -1 
1 19.782882601727913 0 0 -1 
1 0 0 0 -1 
1 48.574968021388621 0 0 -1 
1 0 0 0 -1 
1 2.4272596906443713 0 0 -1 
1 0 0 0 -1 
1 11.001384933062974 0 0 -1 
1 0 0 0 -1 
1 2.0589692862992242 0 0 -1 
1 0 0 0 -1 
1 19.404949511634872 0 0 -1 
1 0 0 0 -1 
1 1.5560298853058798 0 0 -1 
1 0 0 0 -1 
1 2.5117987994359816 0 0 -1 
1 0 0 0 -1 
1 2.0618458642104454 0 0 -1 
1 0 0 0 -1 
1 0 0 0 -1 
1 11.971594017426824 0 0 -1 
1 16.099651144444312 0 0 -1 
1 0 0 0 -1 
1 16.026855129437102 0 0 -1 
1 0 0 0 -1 
1 11.989181937768217 0 0 -1 
1 0 0 0 -1 
1 0 0 0 -1 
1 6.2831853071795862 0 0 -1 
1 0 0 0 -1 
1 15.262808769383263 0 0 -1 
1 3.1415926535897922 0 0 -1 
1 0 0 0 -1 
1 3.1415926535897922 0 0 -1 
1 0 0 0 -1 
1 0 0 0 -1 
1 15.262808769383263 0 0 -1 
1 0 0 0 -1 
1 6.2831853071795862 0 0 -1 
1 0 0 0 -1 
1 30.273312425354 0 0 -1 
1 3.1415926535897931 0 0 -1 
1 0 0 0 -1 
1 3.1415926535897931 0 0 -1 
1 0 0 0 -1 
1 0 0 0 -1 
1 30.273312425354 0 0 -1 
1 0 0 0 -1 
1 30.14770839306669 0 0 -1 
1 3.1415926535897931 0 0 -1 
1 0 0 0 -1 
1 3.1415926535897931 0 0 -1 
1 0 0 0 -1 
1 0 0 0 -1 
1 30.147708393066694 0 0 -1 
1 0 0 0 -1 
1 6.2831853071795862 0 0 -1 
1 0 0 0 -1 
1 6.2831853071795862 0 0 -1 
1 0 0 0 -1 
1 15.112724016048213 0 0 -1 
1 3.1415926535897922 0 0 -1 
1 0 0 0 -1 
1 3.1415926535897922 0 0 -1 
1 0 0 0 -1 
1 0 0 0 -1 
1 15.11272401604821 0 0 -1 
1 0 0 0 -1 
1 6.2831853071795862 0 0 -1 
Curves 273
1 24.059542935176346 -49.015508825642861 0 0 0 1 
1 27.002572531523789 -48.415406014135662 0 0 0 1 
1 24.059542935176346 -49.015508825642861 0 0.97983766883717116 0.19979525201500167 0 
1 24.059542935176346 -49.015508825642861 2 0.97983766883717116 0.19979525201500167 0 
1 20.644567114361969 -48.47607353944187 0 0 0 1 
1 20.644567114361969 -48.47607353944187 0 0.98775277807055739 -0.15602707910454555 0 
1 20.644567114361969 -48.47607353944187 2 0.98775277807055739 -0.15602707910454555 0 
1 29.289624782642626 -46.297639813595197 0 0 0 1 
1 27.002572531523789 -48.415406014135662 0 0.73374064510112402 0.67942966208915723 0 
1 27.002572531523789 -48.415406014135662 2 0.73374064510112402 0.67942966208915723 0 
1 18.371543271329777 -46.779694326122716 0 0.80141743608103178 -0.59810541975918041 0 
1 29.289624782642626 -46.297639813595197 0 0.44783699808799549 0.89411521804716687 0 
1 16.955178157017947 -44.404628772977816 0 0.51218743864360117 -0.85887369717305206 0 
1 30.632566406670342 -43.616430918129566 0 0.10521662555901355 0.99444932586129009 0 
1 16.5852004804022 -41.922370496793398 0 0.14742030705017781 -0.98907393710947189 0 
1 32.637246555827836 -24.669303386663135 0 -0.44072571916025077 0.89764182192602859 0 
1 17.081298162115012 -37.229157739672466 0 -0.10511969436099089 -0.99445957678401997 0 
1 31.698095864879541 -22.756501613051668 0 -0.60344661991806436 0.79740339660015436 0 
1 16.621053617708476 -33.015410714761501 0 0.10857877936119627 -0.99408784756299706 0 
1 29.527219293328351 -19.887872815379954 0 -0.16329030992416688 0.98657806314800534 0 
1 15.392830709560535 -29.56836221727097 0 0.33564173771453432 -0.94198971539182297 0 
1 28.97098742097068 -16.527194747301877 0 -0.0084121140441135375 0.99996461754269528 0 
1 13.777984890238493 -26.791411228327121 0 0.50269942584865501 -0.86446126995454953 0 
1 28.681268785637677 17.912231876791996 0 0.31343053694224027 0.949611130153864 0 
1 11.490975749320491 -24.014075594628832 0 0.63567272971414379 -0.77195866514844502 0 
1 29.54278297749925 20.5223906486797 0 0.56910223908169522 0.82226677025902073 0 
1 8.9110876180179659 -22.004431576655829 0 0.78889789575878944 -0.6145242957502608 0 
1 31.547822926674307 23.419370505776723 0 0.00091413442703970832 0.99999958217903739 0 
1 5.7509924721221708 -20.572791768833216 0 0.91088340133873347 -0.4126638210039496 0 
1 31.550387817423648 26.225182869699413 0 -0.11994992021112318 0.99277994371428813 0 
1 2.2010796221901359 -20.008805214194012 0 0.98761362290714083 -0.15690548699211146 0 
1 29.548582055143093 42.793369063620162 0 -0.4135738321891721 0.91047058454865126 0 
1 -14.840657092466586 -20.460006196525175 0 0.9996496887210633 0.026466957510854247 0 
1 28.40079387679851 45.32019086021154 0 -0.66997053715942079 0.74238768802985755 0 
1 -16.094763127012392 -21.527945299775922 0 0.76135513465957172 0.64833506686551012 0 
1 26.200278279845584 47.758560304667867 0 -0.8752926994446627 0.4835935176352919 0 
1 -16.284412572024628 -26.262383257616115 0 0.04002533647928895 0.99919866515108979 0 
1 23.711193701557697 49.133763328376048 0 -0.99997507071157676 0.0070610165965807542 0 
1 -17.924319026451062 -27.138256627620262 0 0.88207213525064576 0.47111436850765481 0 
1 21.316929632656958 49.150669688166673 0 -0.95318415540999613 -0.30239041961565571 0 
1 -41.829165462934384 -27.326780243209718 0 0.99996890365465851 0.0078861729438381815 0 
1 18.921415719915977 48.39071112910176 0 -0.68616577638188869 -0.72744520571809401 0 
1 -43.188987573779144 -26.944202031145437 0 0.96262727503283774 -0.27082970546609814 0 
1 17.101148034753358 46.460936945846427 0 -0.41269511424703359 -0.91086922369604062 0 
1 -43.970759663489282 -25.591266226966614 0 0.50031398919019665 -0.86584404613105226 0 
1 16.048174612553744 44.136894206931402 0 -0.11232269054397655 -0.99367178343201534 0 
1 -44.545818489762475 24.059129937831525 0 0.011581383101179156 -0.99993293353377632 0 
1 15.762956456906757 41.613688681704332 0 0.16328816189401441 -0.98657841866993723 0 
1 -43.87004815476881 26.012961757437342 0 -0.32687036487826882 -0.94506918506760518 0 
1 16.43848555039812 37.532177706923278 0 0.00063290704840014646 -0.99999979971431396 0 
1 -42.507443884852783 26.695306713719415 0 -0.89415329993309556 -0.44776095879247402 0 
1 16.440881690963742 33.746250386684721 0 -0.25163626019954088 -0.96782188059207919 0 
1 -18.000049488532618 26.458348786446262 0 -0.99995326010203356 0.0096683820422536534 0 
1 15.48287322998366 30.061640109955778 0 -0.46427937025744997 -0.88568880898052771 0 
1 -16.737132191563283 25.188730480165628 0 -0.70523333023339463 0.70897528160572409 0 
1 13.755990696695804 26.767329330416128 0 -0.63148282766723507 -0.77538986217347017 0 
1 -15.759764825742771 20.607844204409194 0 -0.20866126592543344 0.97798797339353583 0 
1 11.547546064575485 24.055607801513556 0 -0.80800305084231083 -0.58917830054196496 0 
1 -14.208769068324727 19.923978758577352 0 -0.91500435784957157 0.40344395535971678 0 
1 8.7605513320095625 22.023391687427303 0 -0.92614881088716194 -0.37715829580203597 0 
1 1.7334785026223827 19.997040391857642 0 -0.99998949870598008 -0.0045828460330613512 0 
1 5.2009805087473069 20.57381722411591 0 -0.98644647210126346 -0.16408338635880027 0 
2 -23.147107340455744 -22.326999169023747 0 0 0 1 1 0 0 0 1 0 1.6441058495209373
1 -30.10979425339049 -24.576631600101798 0 -0.0024055443022384308 0.99999710667411923 0 
1 -41.063022363824139 -24.61359842582749 0 0.99999430483449048 0.0033749516417254147 0 
1 -30.157382853914928 -4.7938062367001137 0 0.59765931116304538 0.80175017791087155 0 
1 -41.621107327467286 23.958163529574978 0 0.011489147319611401 -0.99993399756877366 0 
1 -28.706708499190587 -2.8477503478901021 0 0.32764542094376153 0.94480076107853828 0 
1 -30.620039087467685 24.041638222129681 0 -0.99997121334583783 -0.0075876531057314355 0 
1 -28.032096640670801 -0.90243459915726021 0 -0.0023068311248013369 0.99999733926154111 0 
1 -30.18092754130117 4.6416576396878106 0 -0.022628842497283055 0.99974393495896396 0 
1 -28.035686138841346 0.65359114596006052 0 -0.3316991649511894 0.94338521504774686 0 
1 -28.719598690258014 2.598706049963539 0 -0.5817857908727776 0.81334205199198739 0 
1 -5.2956682087277755 -8.1433128801015577 0 -0.0062976849766024625 0.99998016938534129 0 
1 -17.267234876466425 -8.1689026823406543 0 0.9999977154514148 0.002137543438396422 0 
1 -5.3970587398686831 7.9560189983647653 0 -0.99996624654570621 -0.0082161894630012611 0 
1 -17.385836001332343 7.8575136080576691 0 0.0074001495557340828 -0.99997261851840358 0 
2 23.718888135509864 -42.054877286548603 0 0 0 1 1 0 0 0 1 0 1.6193334911836774
2 24.716043448260816 -32.769246446157538 0 0 -0 -1 0.99999116851102221 -0.0042027253015771661 0 -0.0042027253015771661 -0.99999116851102221 0 1.6162138354337385
1 26.396388402708091 -17.51336497288063 0 -0.0042027253015766161 -0.99999116851102221 0 
1 23.09984388640175 -32.762453943378603 0 0.0042027253015766161 0.99999116851102221 0 
2 24.780188840849025 -17.506572470101698 0 0 0 -1 -0.99999116851102221 0.0042027253015771661 0 0.0042027253015771661 0.99999116851102221 0 1.6162138354337385
2 0.18844585572228567 -15.09254212772659 0 0 0 1 1 0 0 0 1 0 1.6384281807018697
2 12.85172301217816 -15.145639366062669 0 0 -0 -1 0.99999916026810476 -0.0012959410037839403 0 -0.0012959410037839405 -0.99999916026810487 0 1.627211857046216
1 14.518165929695058 15.125538867257923 0 -0.0012959410037839405 -0.99999916026810487 0 
1 11.224512521553642 -15.143530595495278 0 0.0012959410037839405 0.99999916026810487 0 
2 12.89095543907054 15.127647637825314 0 0 0 -1 -0.99999916026810476 0.0012959410037839403 0 0.0012959410037839405 0.99999916026810487 0 1.627211857046216
2 18.875304230468853 -15.027310588951945 0 0 -0 -1 0.99999833646932146 -0.0018240226395980219 0 -0.0018240226395980219 -0.99999833646932146 0 1.62346100809512
1 20.553752640527733 15.117386422843676 0 -0.0018240226395980219 -0.99999833646932146 0 
1 17.251845923050922 -15.024349359318677 0 0.0018240226395980219 0.99999833646932146 0 
2 18.930294333109803 15.120347652476948 0 0 0 -1 -0.99999833646932146 0.0018240226395980219 0 0.0018240226395980219 0.99999833646932146 0 1.62346100809512
2 -23.521583831430839 21.98302986419105 0 0 0 1 1 0 0 0 1 0 1.6540224236778118
2 -0.095465098546952731 15.23865119523651 0 0 0 1 1 0 0 0 1 0 1.6452064316253026
2 24.289400980168786 17.726769033638263 0 0 -0 -1 0.99999989228562691 -0.00046414301094498676 0 -0.00046414301094498676 -0.99999989228562691 0 1.6244968129173138
1 25.920912083332823 32.838737422986867 0 -0.00046414301094443999 -0.99999989228562691 0 
1 22.664904342233129 17.727523032480281 0 0.00046414301094443999 0.99999989228562691 0 
2 24.296415445397166 32.839491421828882 0 0 0 -1 -0.99999989228562691 0.00046414301094498676 0 0.00046414301094498676 0.99999989228562691 0 1.6244968129173138
2 22.856822279201346 42.252737523871389 0 0 0 1 1 0 0 0 1 0 1.638237089109698
1 18.371543271329777 -46.779694326122716 2 0.80141743608103178 -0.59810541975918041 0 
1 29.289624782642626 -46.297639813595197 2 0.44783699808799549 0.89411521804716687 0 
1 16.955178157017947 -44.404628772977816 2 0.51218743864360117 -0.85887369717305206 0 
1 30.632566406670342 -43.616430918129566 2 0.10521662555901355 0.99444932586129009 0 
1 16.5852004804022 -41.922370496793398 2 0.14742030705017781 -0.98907393710947189 0 
1 32.637246555827836 -24.669303386663135 2 -0.44072571916025077 0.89764182192602859 0 
1 17.081298162115012 -37.229157739672466 2 -0.10511969436099089 -0.99445957678401997 0 
1 31.698095864879541 -22.756501613051668 2 -0.60344661991806436 0.79740339660015436 0 
1 16.621053617708476 -33.015410714761501 2 0.10857877936119627 -0.99408784756299706 0 
1 29.527219293328351 -19.887872815379954 2 -0.16329030992416688 0.98657806314800534 0 
1 15.392830709560535 -29.56836221727097 2 0.33564173771453432 -0.94198971539182297 0 
1 28.97098742097068 -16.527194747301877 2 -0.0084121140441135375 0.99996461754269528 0 
1 13.777984890238493 -26.791411228327121 2 0.50269942584865501 -0.86446126995454953 0 
1 28.681268785637677 17.912231876791996 2 0.31343053694224027 0.949611130153864 0 
1 11.490975749320491 -24.014075594628832 2 0.63567272971414379 -0.77195866514844502 0 
1 29.54278297749925 20.5223906486797 2 0.56910223908169522 0.82226677025902073 0 
1 8.9110876180179659 -22.004431576655829 2 0.78889789575878944 -0.6145242957502608 0 
1 31.547822926674307 23.419370505776723 2 0.00091413442703970832 0.99999958217903739 0 
1 5.7509924721221708 -20.572791768833216 2 0.91088340133873347 -0.4126638210039496 0 
1 31.550387817423648 26.225182869699413 2 -0.11994992021112318 0.99277994371428813 0 
1 2.2010796221901359 -20.008805214194012 2 0.98761362290714083 -0.15690548699211146 0 
1 29.548582055143093 42.793369063620162 2 -0.4135738321891721 0.91047058454865126 0 
1 -14.840657092466586 -20.460006196525175 2 0.9996496887210633 0.026466957510854247 0 
1 28.40079387679851 45.32019086021154 2 -0.66997053715942079 0.74238768802985755 0 
1 -16.094763127012392 -21.527945299775922 2 0.76135513465957172 0.64833506686551012 0 
1 26.200278279845584 47.758560304667867 2 -0.8752926994446627 0.4835935176352919 0 
1 -16.284412572024628 -26.262383257616115 2 0.04002533647928895 0.99919866515108979 0 
1 23.711193701557697 49.133763328376048 2 -0.99997507071157676 0.0070610165965807542 0 
1 -17.924319026451062 -27.138256627620262 2 0.88207213525064576 0.47111436850765481 0 
1 21.316929632656958 49.150669688166673 2 -0.95318415540999613 -0.30239041961565571 0 
1 -41.829165462934384 -27.326780243209718 2 0.99996890365465851 0.0078861729438381815 0 
1 18.921415719915977 48.39071112910176 2 -0.68616577638188869 -0.72744520571809401 0 
1 -43.188987573779144 -26.944202031145437 2 0.96262727503283774 -0.27082970546609814 0 
1 17.101148034753358 46.460936945846427 2 -0.41269511424703359 -0.91086922369604062 0 
1 -43.970759663489282 -25.591266226966614 2 0.50031398919019665 -0.86584404613105226 0 
1 16.048174612553744 44.136894206931402 2 -0.11232269054397655 -0.99367178343201534 0 
1 -44.545818489762475 24.059129937831525 2 0.011581383101179156 -0.99993293353377632 0 
1 15.762956456906757 41.613688681704332 2 0.16328816189401441 -0.98657841866993723 0 
1 -43.87004815476881 26.012961757437342 2 -0.32687036487826882 -0.94506918506760518 0 
1 16.43848555039812 37.532177706923278 2 0.00063290704840014646 -0.99999979971431396 0 
1 -42.507443884852783 26.695306713719415 2 -0.89415329993309556 -0.44776095879247402 0 
1 16.440881690963742 33.746250386684721 2 -0.25163626019954088 -0.96782188059207919 0 
1 -18.000049488532618 26.458348786446262 2 -0.99995326010203356 0.0096683820422536534 0 
1 15.48287322998366 30.061640109955778 2 -0.46427937025744997 -0.88568880898052771 0 
1 -16.737132191563283 25.188730480165628 2 -0.70523333023339463 0.70897528160572409 0 
1 13.755990696695804 26.767329330416128 2 -0.63148282766723507 -0.77538986217347017 0 
1 -15.759764825742771 20.607844204409194 2 -0.20866126592543344 0.97798797339353583 0 
1 11.547546064575485 24.055607801513556 2 -0.80800305084231083 -0.58917830054196496 0 
1 -14.208769068324727 19.923978758577352 2 -0.91500435784957157 0.40344395535971678 0 
1 8.7605513320095625 22.023391687427303 2 -0.92614881088716194 -0.37715829580203597 0 
1 1.7334785026223827 19.997040391857642 2 -0.99998949870598008 -0.0045828460330613512 0 
1 5.2009805087473069 20.57381722411591 2 -0.98644647210126346 -0.16408338635880027 0 
2 -23.147107340455744 -22.326999169023747 2 0 0 1 1 0 0 0 1 0 1.6441058495209373
1 -30.10979425339049 -24.576631600101798 2 -0.0024055443022384308 0.99999710667411923 0 
1 -41.063022363824139 -24.61359842582749 2 0.99999430483449048 0.0033749516417254147 0 
1 -30.157382853914928 -4.7938062367001137 2 0.59765931116304538 0.80175017791087155 0 
1 -41.621107327467286 23.958163529574978 2 0.011489147319611401 -0.99993399756877366 0 
1 -28.706708499190587 -2.8477503478901021 2 0.32764542094376153 0.94480076107853828 0 
1 -30.620039087467685 24.041638222129681 2 -0.99997121334583783 -0.0075876531057314355 0 
1 -28.032096640670801 -0.90243459915726021 2 -0.0023068311248013369 0.99999733926154111 0 
1 -30.18092754130117 4.6416576396878106 2 -0.022628842497283055 0.99974393495896396 0 
1 -28.035686138841346 0.65359114596006052 2 -0.3316991649511894 0.94338521504774686 0 
1 -28.719598690258014 2.598706049963539 2 -0.5817857908727776 0.81334205199198739 0 
1 -5.2956682087277755 -8.1433128801015577 2 -0.0062976849766024625 0.99998016938534129 0 
1 -17.267234876466425 -8.1689026823406543 2 0.9999977154514148 0.002137543438396422 0 
1 -5.3970587398686831 7.9560189983647653 2 -0.99996624654570621 -0.0082161894630012611 0 
1 -17.385836001332343 7.8575136080576691 2 0.0074001495557340828 -0.99997261851840358 0 
2 23.718888135509864 -42.054877286548603 2 0 0 1 1 0 0 0 1 0 1.6193334911836774
2 24.716043448260816 -32.769246446157538 2 0 -0 -1 0.99999116851102221 -0.0042027253015771661 0 -0.0042027253015771661 -0.99999116851102221 0 1.6162138354337385
1 26.396388402708091 -17.51336497288063 2 -0.0042027253015766161 -0.99999116851102221 0 
1 23.09984388640175 -32.762453943378603 2 0.0042027253015766161 0.99999116851102221 0 
2 24.780188840849025 -17.506572470101698 2 0 0 -1 -0.99999116851102221 0.0042027253015771661 0 0.0042027253015771661 0.99999116851102221 0 1.6162138354337385
2 0.18844585572228567 -15.09254212772659 2 0 0 1 1 0 0 0 1 0 1.6384281807018697
2 12.85172301217816 -15.145639366062669 2 0 -0 -1 0.99999916026810476 -0.0012959410037839403 0 -0.0012959410037839405 -0.99999916026810487 0 1.627211857046216
1 14.518165929695058 15.125538867257923 2 -0.0012959410037839405 -0.99999916026810487 0 
1 11.224512521553642 -15.143530595495278 2 0.0012959410037839405 0.99999916026810487 0 
2 12.89095543907054 15.127647637825314 2 0 0 -1 -0.99999916026810476 0.0012959410037839403 0 0.0012959410037839405 0.99999916026810487 0 1.627211857046216
2 18.875304230468853 -15.027310588951945 2 0 -0 -1 0.99999833646932146 -0.0018240226395980219 0 -0.0018240226395980219 -0.99999833646932146 0 1.62346100809512
1 20.553752640527733 15.117386422843676 2 -0.0018240226395980219 -0.99999833646932146 0 
1 17.251845923050922 -15.024349359318677 2 0.0018240226395980219 0.99999833646932146 0 
2 18.930294333109803 15.120347652476948 2 0 0 -1 -0.99999833646932146 0.0018240226395980219 0 0.0018240226395980219 0.99999833646932146 0 1.62346100809512
2 -23.521583831430839 21.98302986419105 2 0 0 1 1 0 0 0 1 0 1.6540224236778118
2 -0.095465098546952731 15.23865119523651 2 0 0 1 1 0 0 0 1 0 1.6452064316253026
2 24.289400980168786 17.726769033638263 2 0 -0 -1 0.99999989228562691 -0.00046414301094498676 0 -0.00046414301094498676 -0.99999989228562691 0 1.6244968129173138
1 25.920912083332823 32.838737422986867 2 -0.00046414301094443999 -0.99999989228562691 0 
1 22.664904342233129 17.727523032480281 2 0.00046414301094443999 0.99999989228562691 0 
2 24.296415445397166 32.839491421828882 2 0 0 -1 -0.99999989228562691 0.00046414301094498676 0 0.00046414301094498676 0.99999989228562691 0 1.6244968129173138
2 22.856822279201346 42.252737523871389 2 0 0 1 1 0 0 0 1 0 1.638237089109698
1 18.371543271329777 -46.779694326122716 0 0 0 1 
1 30.632566406670342 -43.616430918129566 0 0 0 1 
1 16.955178157017947 -44.404628772977816 0 0 0 1 
1 32.637246555827836 -24.669303386663135 0 0 0 1 
1 16.5852004804022 -41.922370496793398 0 0 0 1 
1 31.698095864879541 -22.756501613051668 0 0 0 1 
1 17.081298162115012 -37.229157739672466 0 0 0 1 
1 29.527219293328351 -19.887872815379954 0 0 0 1 
1 16.621053617708476 -33.015410714761501 0 0 0 1 
1 28.97098742097068 -16.527194747301877 0 0 0 1 
1 15.392830709560535 -29.56836221727097 0 0 0 1 
1 28.681268785637677 17.912231876791996 0 0 0 1 
1 13.777984890238493 -26.791411228327121 0 0 0 1 
1 29.54278297749925 20.5223906486797 0 0 0 1 
1 11.490975749320491 -24.014075594628832 0 0 0 1 
1 31.547822926674307 23.419370505776723 0 0 0 1 
1 8.9110876180179659 -22.004431576655829 0 0 0 1 
1 31.550387817423648 26.225182869699413 0 0 0 1 
1 5.7509924721221708 -20.572791768833216 0 0 0 1 
1 29.548582055143093 42.793369063620162 0 0 0 1 
1 2.2010796221901359 -20.008805214194012 0 0 0 1 
1 28.40079387679851 45.32019086021154 0 0 0 1 
1 -14.840657092466586 -20.460006196525175 0 0 0 1 
1 26.200278279845584 47.758560304667867 0 0 0 1 
1 -16.094763127012392 -21.527945299775922 0 0 0 1 
1 23.711193701557697 49.133763328376048 0 0 0 1 
1 -16.284412572024628 -26.262383257616115 0 0 0 1 
1 21.316929632656958 49.150669688166673 0 0 0 1 
1 -17.924319026451062 -27.138256627620262 0 0 0 1 
1 18.921415719915977 48.39071112910176 0 0 0 1 
1 -41.829165462934384 -27.326780243209718 0 0 0 1 
1 17.101148034753358 46.460936945846427 0 0 0 1 
1 -43.188987573779144 -26.944202031145437 0 0 0 1 
1 16.048174612553744 44.136894206931402 0 0 0 1 
1 -43.970759663489282 -25.591266226966614 0 0 0 1 
1 15.762956456906757 41.613688681704332 0 0 0 1 
1 -44.545818489762475 24.059129937831525 0 0 0 1 
1 16.43848555039812 37.532177706923278 0 0 0 1 
1 -43.87004815476881 26.012961757437342 0 0 0 1 
1 16.440881690963742 33.746250386684721 0 0 0 1 
1 -42.507443884852783 26.695306713719415 0 0 0 1 
1 15.48287322998366 30.061640109955778 0 0 0 1 
1 -18.000049488532618 26.458348786446262 0 0 0 1 
1 13.755990696695804 26.767329330416128 0 0 0 1 
1 -16.737132191563283 25.188730480165628 0 0 0 1 
1 11.547546064575485 24.055607801513556 0 0 0 1 
1 -15.759764825742771 20.607844204409194 0 0 0 1 
1 8.7605513320095625 22.023391687427303 0 0 0 1 
1 -14.208769068324727 19.923978758577352 0 0 0 1 
1 5.2009805087473069 20.57381722411591 0 0 0 1 
1 1.7334785026223827 19.997040391857642 0 0 0 1 
1 -21.503001490934807 -22.326999169023747 0 0 0 1 
1 -30.10979425339049 -24.576631600101798 0 0 0 1 
1 -30.157382853914928 -4.7938062367001137 0 0 0 1 
1 -41.063022363824139 -24.61359842582749 0 0 0 1 
1 -28.706708499190587 -2.8477503478901021 0 0 0 1 
1 -41.621107327467286 23.958163529574978 0 0 0 1 
1 -28.032096640670801 -0.90243459915726021 0 0 0 1 
1 -30.620039087467685 24.041638222129681 0 0 0 1 
1 -28.035686138841346 0.65359114596006052 0 0 0 1 
1 -30.18092754130117 4.6416576396878106 0 0 0 1 
1 -28.719598690258014 2.598706049963539 0 0 0 1 
1 -5.2956682087277755 -8.1433128801015577 0 0 0 1 
1 -5.3970587398686831 7.9560189983647653 0 0 0 1 
1 -17.267234876466425 -8.1689026823406543 0 0 0 1 
1 -17.385836001332343 7.8575136080576691 0 0 0 1 
1 25.338221626693542 -42.054877286548603 0 0 0 1 
1 26.332243010119878 -32.776038948936474 0 0 0 1 
1 23.09984388640175 -32.762453943378603 0 0 0 1 
1 26.396388402708091 -17.51336497288063 0 0 0 1 
1 23.163989278989963 -17.499779967322759 0 0 0 1 
1 1.8268740364241554 -15.09254212772659 0 0 0 1 
1 14.478933502802681 -15.147748136630058 0 0 0 1 
1 11.224512521553642 -15.143530595495278 0 0 0 1 
1 14.518165929695058 15.125538867257923 0 0 0 1 
1 11.263744948446019 15.129756408392703 0 0 0 1 
1 20.49876253788678 -15.030271818585216 0 0 0 1 
1 17.251845923050922 -15.024349359318677 0 0 0 1 
1 20.553752640527733 15.117386422843676 0 0 0 1 
1 17.306836025691876 15.123308882110219 0 0 0 1 
1 -21.867561407753026 21.98302986419105 0 0 0 1 
1 1.5497413330783498 15.23865119523651 0 0 0 1 
1 25.913897618104443 17.726015034796248 0 0 0 1 
1 22.664904342233129 17.727523032480281 0 0 0 1 
1 25.920912083332823 32.838737422986867 0 0 0 1 
1 22.671918807461509 32.840245420670897 0 0 0 1 
1 24.495059368311043 42.252737523871389 0 0 0 1 
Polygon3D 0
PolygonOnTriangulations 0
Surfaces 117
1 24.059542935176346 -49.015508825642861 0 -0.1997952520150017 0.97983766883717127 0 0.97983766883717127 0.1997952520150017 0 0 0 -1 
1 -0.17925804635793335 -0.20857693285659404 0 0 0 1 1 0 -0 -0 1 0 
1 -0.17925804635793335 -0.20857693285659404 2 0 0 1 1 0 -0 -0 1 0 
1 20.644567114361969 -48.47607353944187 0 0.15602707910454558 0.9877527780705575 -0 0.9877527780705575 -0.15602707910454558 0 0 -0 -1 
1 27.002572531523789 -48.415406014135662 0 -0.67942966208915723 0.73374064510112402 0 0.73374064510112402 0.67942966208915723 0 0 0 -1 
2 -23.147107340455744 -22.326999169023747 0 -0 -0 -1 1 0 0 0 1 0 1.6441058495209373
1 -23.147107340455744 -22.326999169023747 0 0 0 1 1 0 -0 -0 1 0 
1 -35.629009807804977 -0.28573543655385891 0 0 0 1 1 0 -0 -0 1 0 
1 -30.10979425339049 -24.576631600101798 0 -0.99999710667411934 -0.0024055443022384312 0 -0.0024055443022384312 0.99999710667411934 0 -0 0 -1 
1 -41.063022363824139 -24.61359842582749 0 -0.0033749516417254152 0.99999430483449059 0 0.99999430483449059 0.0033749516417254152 0 0 0 -1 
1 -30.157382853914928 -4.7938062367001137 0 -0.80175017791087155 0.59765931116304538 0 0.59765931116304538 0.80175017791087155 0 0 0 -1 
1 -41.621107327467286 23.958163529574978 0 0.99993399756877366 0.011489147319611401 -0 0.011489147319611401 -0.99993399756877366 0 0 -0 -1 
1 -28.706708499190587 -2.8477503478901021 0 -0.94480076107853839 0.32764542094376159 0 0.32764542094376159 0.94480076107853839 0 0 0 -1 
1 -30.620039087467685 24.041638222129681 0 0.0075876531057314355 -0.99997121334583783 0 -0.99997121334583783 -0.0075876531057314355 0 0 -0 -1 
1 -28.032096640670801 -0.90243459915726021 0 -0.99999733926154111 -0.0023068311248013369 0 -0.0023068311248013369 0.99999733926154111 0 -0 0 -1 
1 -30.18092754130117 4.6416576396878106 0 -0.99974393495896396 -0.022628842497283055 0 -0.022628842497283055 0.99974393495896396 0 -0 0 -1 
1 -28.035686138841346 0.65359114596006052 0 -0.94338521504774686 -0.3316991649511894 0 -0.3316991649511894 0.94338521504774686 0 -0 0 -1 
1 -28.719598690258014 2.598706049963539 0 -0.81334205199198739 -0.5817857908727776 0 -0.5817857908727776 0.81334205199198739 0 -0 0 -1 
1 -11.328692134923735 -0.1221119649282478 0 0 0 1 1 0 -0 -0 1 0 
1 -5.2956682087277755 -8.1433128801015577 0 -0.99998016938534118 -0.0062976849766024617 0 -0.0062976849766024617 0.99998016938534118 0 -0 0 -1 
1 -17.267234876466425 -8.1689026823406543 0 -0.0021375434383964225 0.99999771545141491 0 0.99999771545141491 0.0021375434383964225 0 0 0 -1 
1 -5.3970587398686831 7.9560189983647653 0 0.0082161894630012611 -0.99996624654570621 0 -0.99996624654570621 -0.0082161894630012611 0 0 -0 -1 
1 -17.385836001332343 7.8575136080576691 0 0.99997261851840369 0.0074001495557340837 -0 0.0074001495557340837 -0.99997261851840369 0 0 -0 -1 
2 23.718888135509864 -42.054877286548603 0 -0 -0 -1 1 0 0 0 1 0 1.6193334911836774
1 23.718888135509864 -42.05487728654861 0 0 0 1 1 0 -0 -0 1 0 
2 24.716043448260816 -32.769246446157538 0 -0 0 -1 0.99999116851102221 -0.0042027253015771661 0 -0.0042027253015771661 -0.99999116851102221 0 1.6162138354337385
1 24.74811614455492 -25.137909458129617 0 0 -0 -1 -0.0042027253015766161 -0.99999116851102221 0 -0.99999116851102221 0.0042027253015766161 0 
1 26.396388402708091 -17.51336497288063 0 0.99999116851102221 -0.0042027253015766161 0 -0.0042027253015766161 -0.99999116851102221 0 0 -0 -1 
1 23.09984388640175 -32.762453943378603 0 -0.99999116851102221 0.0042027253015766161 0 0.0042027253015766161 0.99999116851102221 0 0 0 -1 
2 24.780188840849025 -17.506572470101698 0 0 0 -1 -0.99999116851102221 0.0042027253015771661 0 0.0042027253015771661 0.99999116851102221 0 1.6162138354337385
2 0.18844585572228567 -15.09254212772659 0 -0 -0 -1 1 0 0 0 1 0 1.6384281807018697
1 0.18844585572228545 -15.09254212772659 0 0 0 1 1 0 -0 -0 1 0 
2 12.85172301217816 -15.145639366062669 0 0 0 -1 0.99999916026810476 -0.0012959410037839403 0 -0.0012959410037839405 -0.99999916026810487 0 1.627211857046216
1 12.87133922562435 -0.0089958641186776139 0 0 -0 -1 -0.0012959410037839405 -0.99999916026810487 0 -0.99999916026810476 0.0012959410037839403 0 
1 14.518165929695058 15.125538867257923 0 0.99999916026810476 -0.0012959410037839403 0 -0.0012959410037839405 -0.99999916026810487 0 0 -0 -1 
1 11.224512521553642 -15.143530595495278 0 -0.99999916026810476 0.0012959410037839403 0 0.0012959410037839405 0.99999916026810487 0 0 0 -1 
2 12.89095543907054 15.127647637825314 0 0 0 -1 -0.99999916026810476 0.0012959410037839403 0 0.0012959410037839405 0.99999916026810487 0 1.627211857046216
2 18.875304230468853 -15.027310588951945 0 0 0 -1 0.99999833646932146 -0.0018240226395980219 0 -0.0018240226395980219 -0.99999833646932146 0 1.62346100809512
1 18.902799281789328 0.046518531762500537 0 0 -0 -1 -0.0018240226395980219 -0.99999833646932146 0 -0.99999833646932146 0.0018240226395980219 0 
1 20.553752640527733 15.117386422843676 0 0.99999833646932146 -0.0018240226395980219 0 -0.0018240226395980219 -0.99999833646932146 0 0 -0 -1 
1 17.251845923050922 -15.024349359318677 0 -0.99999833646932146 0.0018240226395980219 0 0.0018240226395980219 0.99999833646932146 0 0 0 -1 
2 18.930294333109803 15.120347652476948 0 0 0 -1 -0.99999833646932146 0.0018240226395980219 0 0.0018240226395980219 0.99999833646932146 0 1.62346100809512
2 -23.521583831430839 21.98302986419105 0 -0 -0 -1 1 0 0 0 1 0 1.6540224236778118
1 -23.521583831430839 21.98302986419105 0 0 0 1 1 0 -0 -0 1 0 
2 -0.095465098546952731 15.23865119523651 0 -0 -0 -1 1 0 0 0 1 0 1.6452064316253026
1 -0.095465098546952967 15.238651195236507 0 0 0 1 1 0 -0 -0 1 0 
2 24.289400980168786 17.726769033638263 0 -0 0 -1 0.99999989228562691 -0.00046414301094498676 0 -0.00046414301094498676 -0.99999989228562691 0 1.6244968129173138
1 24.292908212782976 25.283130227733572 0 0 -0 -1 -0.00046414301094443999 -0.99999989228562691 0 -0.99999989228562691 0.00046414301094443999 0 
1 25.920912083332823 32.838737422986867 0 0.99999989228562691 -0.00046414301094443999 0 -0.00046414301094443999 -0.99999989228562691 0 0 -0 -1 
1 22.664904342233129 17.727523032480281 0 -0.99999989228562691 0.00046414301094443999 0 0.00046414301094443999 0.99999989228562691 0 0 0 -1 
2 24.296415445397166 32.839491421828882 0 0 0 -1 -0.99999989228562691 0.00046414301094498676 0 0.00046414301094498676 0.99999989228562691 0 1.6244968129173138
2 22.856822279201346 42.252737523871389 0 -0 -0 -1 1 0 0 0 1 0 1.638237089109698
1 22.856822279201342 42.252737523871382 0 0 0 1 1 0 -0 -0 1 0 
1 -23.147107340455744 -22.326999169023747 2 0 0 1 1 0 -0 -0 1 0 
1 -35.629009807804977 -0.28573543655385891 2 0 0 1 1 0 -0 -0 1 0 
1 -11.328692134923735 -0.1221119649282478 2 0 0 1 1 0 -0 -0 1 0 
1 23.718888135509864 -42.05487728654861 2 0 0 1 1 0 -0 -0 1 0 
1 24.74811614455492 -25.137909458129617 2 0 -0 -1 -0.0042027253015766161 -0.99999116851102221 0 -0.99999116851102221 0.0042027253015766161 0 
1 0.18844585572228545 -15.09254212772659 2 0 0 1 1 0 -0 -0 1 0 
1 12.87133922562435 -0.0089958641186776139 2 0 -0 -1 -0.0012959410037839405 -0.99999916026810487 0 -0.99999916026810476 0.0012959410037839403 0 
1 18.902799281789328 0.046518531762500537 2 0 -0 -1 -0.0018240226395980219 -0.99999833646932146 0 -0.99999833646932146 0.0018240226395980219 0 
1 -23.521583831430839 21.98302986419105 2 0 0 1 1 0 -0 -0 1 0 
1 -0.095465098546952967 15.238651195236507 2 0 0 1 1 0 -0 -0 1 0 
1 24.292908212782976 25.283130227733572 2 0 -0 -1 -0.00046414301094443999 -0.99999989228562691 0 -0.99999989228562691 0.00046414301094443999 0 
1 22.856822279201342 42.252737523871382 2 0 0 1 1 0 -0 -0 1 0 
1 18.371543271329777 -46.779694326122716 0 0.59810541975918041 0.80141743608103178 -0 0.80141743608103178 -0.59810541975918041 0 0 -0 -1 
1 29.289624782642626 -46.297639813595197 0 -0.89411521804716687 0.44783699808799549 0 0.44783699808799549 0.89411521804716687 0 0 0 -1 
1 16.955178157017947 -44.404628772977816 0 0.85887369717305206 0.51218743864360117 -0 0.51218743864360117 -0.85887369717305206 0 0 -0 -1 
1 30.632566406670342 -43.616430918129566 0 -0.99444932586129009 0.10521662555901355 0 0.10521662555901355 0.99444932586129009 0 0 0 -1 
1 16.5852004804022 -41.922370496793398 0 0.98907393710947189 0.14742030705017781 -0 0.14742030705017781 -0.98907393710947189 0 0 -0 -1 
1 32.637246555827836 -24.669303386663135 0 -0.89764182192602859 -0.44072571916025077 0 -0.44072571916025077 0.89764182192602859 0 -0 0 -1 
1 17.081298162115012 -37.229157739672466 0 0.99445957678401997 -0.10511969436099089 0 -0.10511969436099089 -0.99445957678401997 0 0 -0 -1 
1 31.698095864879541 -22.756501613051668 0 -0.79740339660015447 -0.60344661991806448 0 -0.60344661991806448 0.79740339660015447 0 -0 0 -1 
1 16.621053617708476 -33.015410714761501 0 0.99408784756299717 0.10857877936119628 -0 0.10857877936119628 -0.99408784756299717 0 0 -0 -1 
1 29.527219293328351 -19.887872815379954 0 -0.98657806314800534 -0.16329030992416688 0 -0.16329030992416688 0.98657806314800534 0 -0 0 -1 
1 15.392830709560535 -29.56836221727097 0 0.94198971539182308 0.33564173771453437 -0 0.33564173771453437 -0.94198971539182308 0 0 -0 -1 
1 28.97098742097068 -16.527194747301877 0 -0.99996461754269528 -0.0084121140441135375 0 -0.0084121140441135375 0.99996461754269528 0 -0 0 -1 
1 13.777984890238493 -26.791411228327121 0 0.86446126995454964 0.50269942584865512 -0 0.50269942584865501 -0.86446126995454953 0 0 -0 -1 
1 28.681268785637677 17.912231876791996 0 -0.94961113015386411 0.31343053694224032 0 0.31343053694224032 0.94961113015386411 0 0 0 -1 
1 11.490975749320491 -24.014075594628832 0 0.77195866514844502 0.63567272971414379 -0 0.63567272971414379 -0.77195866514844502 0 0 -0 -1 
1 29.54278297749925 20.5223906486797 0 -0.82226677025902073 0.56910223908169522 0 0.56910223908169522 0.82226677025902073 0 0 0 -1 
1 8.9110876180179659 -22.004431576655829 0 0.61452429575026091 0.78889789575878955 -0 0.78889789575878955 -0.61452429575026091 0 0 -0 -1 
1 31.547822926674307 23.419370505776723 0 -0.99999958217903739 0.00091413442703970832 0 0.00091413442703970832 0.99999958217903739 0 0 0 -1 
1 5.7509924721221708 -20.572791768833216 0 0.41266382100394966 0.91088340133873358 -0 0.91088340133873358 -0.41266382100394966 0 0 -0 -1 
1 31.550387817423648 26.225182869699413 0 -0.99277994371428824 -0.11994992021112319 0 -0.11994992021112319 0.99277994371428824 0 -0 0 -1 
1 2.2010796221901359 -20.008805214194012 0 0.15690548699211149 0.98761362290714094 -0 0.98761362290714094 -0.15690548699211149 0 0 -0 -1 
1 29.548582055143093 42.793369063620162 0 -0.91047058454865126 -0.4135738321891721 0 -0.4135738321891721 0.91047058454865126 0 -0 0 -1 
1 -14.840657092466586 -20.460006196525175 0 -0.026466957510854247 0.9996496887210633 0 0.9996496887210633 0.026466957510854247 0 0 0 -1 
1 28.40079387679851 45.32019086021154 0 -0.74238768802985766 -0.6699705371594209 0 -0.6699705371594209 0.74238768802985766 0 -0 0 -1 
1 -16.094763127012392 -21.527945299775922 0 -0.64833506686551012 0.76135513465957172 0 0.76135513465957172 0.64833506686551012 0 0 0 -1 
1 26.200278279845584 47.758560304667867 0 -0.4835935176352919 -0.8752926994446627 0 -0.8752926994446627 0.4835935176352919 0 -0 0 -1 
1 -16.284412572024628 -26.262383257616115 0 -0.9991986651510899 0.040025336479288957 0 0.040025336479288957 0.9991986651510899 0 0 0 -1 
1 23.711193701557697 49.133763328376048 0 -0.0070610165965807542 -0.99997507071157676 0 -0.99997507071157676 0.0070610165965807542 0 -0 0 -1 
1 -17.924319026451062 -27.138256627620262 0 -0.47111436850765487 0.88207213525064587 0 0.88207213525064587 0.47111436850765487 0 0 0 -1 
1 21.316929632656958 49.150669688166673 0 0.30239041961565571 -0.95318415540999613 0 -0.95318415540999613 -0.30239041961565571 0 0 -0 -1 
1 -41.829165462934384 -27.326780243209718 0 -0.0078861729438381833 0.99996890365465863 0 0.99996890365465863 0.0078861729438381833 0 0 0 -1 
1 18.921415719915977 48.39071112910176 0 0.72744520571809401 -0.68616577638188869 0 -0.68616577638188869 -0.72744520571809401 0 0 -0 -1 
1 -43.188987573779144 -26.944202031145437 0 0.27082970546609814 0.96262727503283774 -0 0.96262727503283774 -0.27082970546609814 0 0 -0 -1 
1 17.101148034753358 46.460936945846427 0 0.91086922369604073 -0.41269511424703365 0 -0.41269511424703365 -0.91086922369604073 0 0 -0 -1 
1 -43.970759663489282 -25.591266226966614 0 0.86584404613105226 0.50031398919019665 -0 0.50031398919019665 -0.86584404613105226 0 0 -0 -1 
1 16.048174612553744 44.136894206931402 0 0.99367178343201545 -0.11232269054397656 0 -0.11232269054397656 -0.99367178343201545 0 0 -0 -1 
1 -44.545818489762475 24.059129937831525 0 0.99993293353377644 0.011581383101179158 -0 0.011581383101179158 -0.99993293353377644 0 0 -0 -1 
1 15.762956456906757 41.613688681704332 0 0.98657841866993734 0.16328816189401443 -0 0.16328816189401443 -0.98657841866993734 0 0 -0 -1 
1 -43.87004815476881 26.012961757437342 0 0.94506918506760529 -0.32687036487826887 0 -0.32687036487826887 -0.94506918506760529 0 0 -0 -1 
1 16.43848555039812 37.532177706923278 0 0.99999979971431407 0.00063290704840014657 -0 0.00063290704840014657 -0.99999979971431407 0 0 -0 -1 
1 -42.507443884852783 26.695306713719415 0 0.44776095879247407 -0.89415329993309567 0 -0.89415329993309567 -0.44776095879247407 0 0 -0 -1 
1 16.440881690963742 33.746250386684721 0 0.9678218805920793 -0.25163626019954094 0 -0.25163626019954094 -0.9678218805920793 0 0 -0 -1 
1 -18.000049488532618 26.458348786446262 0 -0.0096683820422536534 -0.99995326010203356 0 -0.99995326010203356 0.0096683820422536534 0 -0 0 -1 
1 15.48287322998366 30.061640109955778 0 0.88568880898052771 -0.46427937025744997 0 -0.46427937025744997 -0.88568880898052771 0 0 -0 -1 
1 -16.737132191563283 25.188730480165628 0 -0.70897528160572409 -0.70523333023339463 0 -0.70523333023339463 0.70897528160572409 0 -0 0 -1 
1 13.755990696695804 26.767329330416128 0 0.77538986217347017 -0.63148282766723507 0 -0.63148282766723507 -0.77538986217347017 0 0 -0 -1 
1 -15.759764825742771 20.607844204409194 0 -0.97798797339353594 -0.20866126592543346 0 -0.20866126592543346 0.97798797339353594 0 -0 0 -1 
1 11.547546064575485 24.055607801513556 0 0.58917830054196507 -0.80800305084231094 0 -0.80800305084231094 -0.58917830054196507 0 0 -0 -1 
1 -14.208769068324727 19.923978758577352 0 -0.40344395535971678 -0.91500435784957157 0 -0.91500435784957157 0.40344395535971678 0 -0 0 -1 
1 8.7605513320095625 22.023391687427303 0 0.37715829580203597 -0.92614881088716194 0 -0.92614881088716194 -0.37715829580203597 0 0 -0 -1 
1 1.7334785026223827 19.997040391857642 0 0.0045828460330613512 -0.99998949870598008 0 -0.99998949870598008 -0.0045828460330613512 0 0 -0 -1 
1 5.2009805087473069 20.57381722411591 0 0.16408338635880027 -0.98644647210126346 0 -0.98644647210126346 -0.16408338635880027 0 0 -0 -1 
Triangulations 0

TShapes 668
Ve
1e-07
24.0595429351763 -49.0155088256429 0
0 0

0101101
*
Ve
1e-07
24.0595429351763 -49.0155088256429 2
0 0

0101101
*
Ed
 1e-07 1 1 0
1  1 0 0 2
0

0101000
+668 0 -667 0 *
Ve
1e-07
27.0025725315238 -48.4154060141357 0
0 0

0101101
*
Ve
1e-07
27.0025725315238 -48.4154060141357 2
0 0

0101101
*
Ed
 1e-07 1 1 0
1  2 0 0 2
0

0101000
+665 0 -664 0 *
Ed
 1e-07 1 1 0
1  3 0 0 3.00358895146387
2  1 2 0 0 3.00358895146387
0

0101000
+668 0 -665 0 *
Ed
 1e-07 1 1 0
1  4 0 0 3.00358895146387
2  2 3 0 0 3.00358895146387
0

0101000
+667 0 -664 0 *
Wi

0101100
+666 0 -663 0 -662 0 +661 0 *
Fa
0  1e-07 1 0

0101000
+660 0 *
Ve
1e-07
20.644567114362 -48.4760735394419 0
0 0

0101101
*
Ve
1e-07
20.644567114362 -48.4760735394419 2
0 0

0101101
*
Ed
 1e-07 1 1 0
1  5 0 0 2
0

0101000
+658 0 -657 0 *
Ed
 1e-07 1 1 0
1  6 0 0 3.45731836612505
2  3 2 0 0 3.45731836612505
0

0101000
+658 0 -668 0 *
Ed
 1e-07 1 1 0
1  7 0 0 3.45731836612505
2  4 3 0 0 3.45731836612505
0

0101000
+657 0 -667 0 *
Wi

0101100
+656 0 -666 0 -655 0 +654 0 *
Fa
0  1e-07 4 0

0101000
+653 0 *
Ve
1e-07
29.2896247826426 -46.2976398135952 0
0 0

0101101
*
Ve
1e-07
29.2896247826426 -46.2976398135952 2
0 0

0101101
*
Ed
 1e-07 1 1 0
1  8 0 0 2
0

0101000
+651 0 -650 0 *
Ed
 1e-07 1 1 0
1  9 0 0 3.11697636813296
2  5 2 0 0 3.11697636813296
0

0101000
+665 0 -651 0 *
Ed
 1e-07 1 1 0
1  10 0 0 3.11697636813296
2  6 3 0 0 3.11697636813296
0

0101000
+664 0 -650 0 *
Wi

0101100
+663 0 -649 0 -648 0 +647 0 *
Fa
0  1e-07 5 0

0101000
+646 0 *
Ve
1e-07
18.3715432713298 -46.7796943261227 0
0 0

0101101
*
Ed
 1e-07 1 1 0
1  11 0 0 2.83625454188691
2  7 2 0 0 2.83625454188691
0

0101000
+644 0 -658 0 *
Ve
1e-07
30.6325664066703 -43.6164309181296 0
0 0

0101101
*
Ed
 1e-07 1 1 0
1  12 0 0 2.99872862171125
2  8 2 0 0 2.99872862171125
0

0101000
+651 0 -642 0 *
Ve
1e-07
16.9551781570179 -44.4046287729778 0
0 0

0101101
*
Ed
 1e-07 1 1 0
1  13 0 0 2.76532575274145
2  9 2 0 0 2.76532575274145
0

0101000
+640 0 -644 0 *
Ve
1e-07
32.6372465558278 -24.6693033866631 0
0 0

0101101
*
Ed
 1e-07 1 1 0
1  14 0 0 19.0528838812942
2  10 2 0 0 19.0528838812942
0

0101000
+642 0 -638 0 *
Ve
1e-07
16.5852004804022 -41.9223704967934 0
0 0

0101101
*
Ed
 1e-07 1 1 0
1  15 0 0 2.5096791888367
2  11 2 0 0 2.5096791888367
0

0101000
+636 0 -640 0 *
Ve
1e-07
31.6980958648795 -22.7565016130517 0
0 0

0101101
*
Ed
 1e-07 1 1 0
1  16 0 0 2.13091873271597
2  12 2 0 0 2.13091873271597
0

0101000
+638 0 -634 0 *
Ve
1e-07
17.081298162115 -37.2291577396725 0
0 0

0101101
*
Ed
 1e-07 1 1 0
1  17 0 0 4.71936000887869
2  13 2 0 0 4.71936000887869
0

0101000
+632 0 -636 0 *
Ve
1e-07
29.5272192933284 -19.88787281538 0
0 0

0101101
*
Ed
 1e-07 1 1 0
1  18 0 0 3.59746247621032
2  14 2 0 0 3.59746247621032
0

0101000
+634 0 -630 0 *
Ve
1e-07
16.6210536177085 -33.0154107147615 0
0 0

0101101
*
Ed
 1e-07 1 1 0
1  19 0 0 4.23880750100804
2  15 2 0 0 4.23880750100804
0

0101000
+628 0 -632 0 *
Ve
1e-07
28.9709874209707 -16.5271947473019 0
0 0

0101101
*
Ed
 1e-07 1 1 0
1  20 0 0 3.40639853409543
2  16 2 0 0 3.40639853409543
0

0101000
+630 0 -626 0 *
Ve
1e-07
15.3928307095605 -29.568362217271 0
0 0

0101101
*
Ed
 1e-07 1 1 0
1  21 0 0 3.65932710428449
2  17 2 0 0 3.65932710428449
0

0101000
+624 0 -628 0 *
Ve
1e-07
28.6812687856377 17.912231876792 0
0 0

0101101
*
Ed
 1e-07 1 1 0
1  22 0 0 34.4406452187529
2  18 2 0 0 34.4406452187529
0

0101000
+626 0 -622 0 *
Ve
1e-07
13.7779848902385 -26.7914112283271 0
0 0

0101101
*
Ed
 1e-07 1 1 0
1  23 0 0 3.21234864471123
2  19 2 0 0 3.21234864471123
0

0101000
+620 0 -624 0 *
Ve
1e-07
29.5427829774993 20.5223906486797 0
0 0

0101101
*
Ed
 1e-07 1 1 0
1  24 0 0 2.74866067699184
2  20 2 0 0 2.74866067699184
0

0101000
+622 0 -618 0 *
Ve
1e-07
11.4909757493205 -24.0140755946288 0
0 0

0101101
*
Ed
 1e-07 1 1 0
1  25 0 0 3.59777765194749
2  21 2 0 0 3.59777765194749
0

0101000
+616 0 -620 0 *
Ve
1e-07
31.5478229266743 23.4193705057767 0
0 0

0101101
*
Ed
 1e-07 1 1 0
1  26 0 0 3.52316299512438
2  22 2 0 0 3.52316299512438
0

0101000
+618 0 -614 0 *
Ve
1e-07
8.91108761801797 -22.0044315766558 0
0 0

0101101
*
Ed
 1e-07 1 1 0
1  27 0 0 3.27024339293122
2  23 2 0 0 3.27024339293122
0

0101000
+612 0 -616 0 *
Ve
1e-07
31.5503878174236 26.2251828696994 0
0 0

0101101
*
Ed
 1e-07 1 1 0
1  28 0 0 2.8058135362504
2  24 2 0 0 2.8058135362504
0

0101000
+614 0 -610 0 *
Ve
1e-07
5.75099247212217 -20.5727917688332 0
0 0

0101101
*
Ed
 1e-07 1 1 0
1  29 0 0 3.46926416844502
2  25 2 0 0 3.46926416844502
0

0101000
+608 0 -612 0 *
Ve
1e-07
29.5485820551431 42.7933690636202 0
0 0

0101101
*
Ed
 1e-07 1 1 0
1  30 0 0 16.6886793985122
2  26 2 0 0 16.6886793985122
0

0101000
+610 0 -606 0 *
Ve
1e-07
2.20107962219014 -20.008805214194 0
0 0

0101101
*
Ed
 1e-07 1 1 0
1  31 0 0 3.59443487573866
2  27 2 0 0 3.59443487573866
0

0101000
+604 0 -608 0 *
Ve
1e-07
28.4007938767985 45.3201908602115 0
0 0

0101101
*
Ed
 1e-07 1 1 0
1  32 0 0 2.77529207365222
2  28 2 0 0 2.77529207365222
0

0101000
+606 0 -602 0 *
Ve
1e-07
-14.8406570924666 -20.4600061965252 0
0 0

0101101
*
Ed
 1e-07 1 1 0
1  33 0 0 17.0477087193011
2  29 2 0 0 17.0477087193011
0

0101000
+600 0 -604 0 *
Ve
1e-07
26.2002782798456 47.7585603046679 0
0 0

0101101
*
Ed
 1e-07 1 1 0
1  34 0 0 3.28449607095082
2  30 2 0 0 3.28449607095082
0

0101000
+602 0 -598 0 *
Ve
1e-07
-16.0947631270124 -21.5279452997759 0
0 0

0101101
*
Ed
 1e-07 1 1 0
1  35 0 0 1.64720243872337
2  31 2 0 0 1.64720243872337
0

0101000
+596 0 -600 0 *
Ve
1e-07
23.7111937015577 49.133763328376 0
0 0

0101101
*
Ed
 1e-07 1 1 0
1  36 0 0 2.84371682737341
2  32 2 0 0 2.84371682737341
0

0101000
+598 0 -594 0 *
Ve
1e-07
-16.2844125720246 -26.2623832576161 0
0 0

0101101
*
Ed
 1e-07 1 1 0
1  37 0 0 4.7382348705643
2  33 2 0 0 4.7382348705643
0

0101000
+592 0 -596 0 *
Ve
1e-07
21.316929632657 49.1506696881667 0
0 0

0101101
*
Ed
 1e-07 1 1 0
1  38 0 0 2.39432375768827
2  34 2 0 0 2.39432375768827
0

0101000
+594 0 -590 0 *
Ve
1e-07
-17.9243190264511 -27.1382566276203 0
0 0

0101101
*
Ed
 1e-07 1 1 0
1  39 0 0 1.85915231746942
2  35 2 0 0 1.85915231746942
0

0101000
+588 0 -592 0 *
Ve
1e-07
18.921415719916 48.3907111291018 0
0 0

0101101
*
Ed
 1e-07 1 1 0
1  40 0 0 2.51317009325505
2  36 2 0 0 2.51317009325505
0

0101000
+590 0 -586 0 *
Ve
1e-07
-41.8291654629344 -27.3267802432097 0
0 0

0101101
*
Ed
 1e-07 1 1 0
1  41 0 0 23.9055898129597
2  37 2 0 0 23.9055898129597
0

0101000
+584 0 -588 0 *
Ve
1e-07
17.1011480347534 46.4609369458464 0
0 0

0101101
*
Ed
 1e-07 1 1 0
1  42 0 0 2.65281036714011
2  38 2 0 0 2.65281036714011
0

0101000
+586 0 -582 0 *
Ve
1e-07
-43.1889875737791 -26.9442020311454 0
0 0

0101101
*
Ed
 1e-07 1 1 0
1  43 0 0 1.41261539758301
2  39 2 0 0 1.41261539758301
0

0101000
+580 0 -584 0 *
Ve
1e-07
16.0481746125537 44.1368942069314 0
0 0

0101101
*
Ed
 1e-07 1 1 0
1  44 0 0 2.55145599220571
2  40 2 0 0 2.55145599220571
0

0101000
+582 0 -578 0 *
Ve
1e-07
-43.9707596634893 -25.5912662269666 0
0 0

0101101
*
Ed
 1e-07 1 1 0
1  45 0 0 1.5625629236862
2  41 2 0 0 1.5625629236862
0

0101000
+576 0 -580 0 *
Ve
1e-07
15.7629564569068 41.6136886817043 0
0 0

0101101
*
Ed
 1e-07 1 1 0
1  46 0 0 2.53927460485216
2  42 2 0 0 2.53927460485216
0

0101000
+578 0 -574 0 *
Ve
1e-07
-44.5458184897625 24.0591299378315 0
0 0

0101101
*
Ed
 1e-07 1 1 0
1  47 0 0 49.6537262647536
2  43 2 0 0 49.6537262647536
0

0101000
+572 0 -576 0 *
Ve
1e-07
16.4384855503981 37.5321777069233 0
0 0

0101101
*
Ed
 1e-07 1 1 0
1  48 0 0 4.13703654726562
2  44 2 0 0 4.13703654726562
0

0101000
+574 0 -570 0 *
Ve
1e-07
-43.8700481547688 26.0129617574373 0
0 0

0101101
*
Ed
 1e-07 1 1 0
1  49 0 0 2.06739554148731
2  45 2 0 0 2.06739554148731
0

0101000
+568 0 -572 0 *
Ve
1e-07
16.4408816909637 33.7462503866847 0
0 0

0101101
*
Ed
 1e-07 1 1 0
1  50 0 0 3.78592807850576
2  46 2 0 0 3.78592807850576
0

0101000
+570 0 -566 0 *
Ve
1e-07
-42.5074438848528 26.6953067137194 0
0 0

0101101
*
Ed
 1e-07 1 1 0
1  51 0 0 1.52390453630041
2  47 2 0 0 1.52390453630041
0

0101000
+564 0 -568 0 *
Ve
1e-07
15.4828732299837 30.0616401099558 0
0 0

0101101
*
Ed
 1e-07 1 1 0
1  52 0 0 3.80711611363325
2  48 2 0 0 3.80711611363325
0

0101000
+566 0 -562 0 *
Ve
1e-07
-18.0000494885326 26.4583487864463 0
0 0

0101101
*
Ed
 1e-07 1 1 0
1  53 0 0 24.5085399229755
2  49 2 0 0 24.5085399229755
0

0101000
+560 0 -564 0 *
Ve
1e-07
13.7559906966958 26.7673293304161 0
0 0

0101101
*
Ed
 1e-07 1 1 0
1  54 0 0 3.71949012580566
2  50 2 0 0 3.71949012580566
0

0101000
+562 0 -558 0 *
Ve
1e-07
-16.7371321915633 25.1887304801656 0
0 0

0101101
*
Ed
 1e-07 1 1 0
1  55 0 0 1.79077936737814
2  51 2 0 0 1.79077936737814
0

0101000
+556 0 -560 0 *
Ve
1e-07
11.5475460645755 24.0556078015136 0
0 0

0101101
*
Ed
 1e-07 1 1 0
1  56 0 0 3.49723624358646
2  52 2 0 0 3.49723624358646
0

0101000
+558 0 -554 0 *
Ve
1e-07
-15.7597648257428 20.6078442044092 0
0 0

0101101
*
Ed
 1e-07 1 1 0
1  57 0 0 4.68399039699961
2  53 2 0 0 4.68399039699961
0

0101000
+552 0 -556 0 *
Ve
1e-07
8.76055133200956 22.0233916874273 0
0 0

0101101
*
Ed
 1e-07 1 1 0
1  58 0 0 3.44923788302605
2  54 2 0 0 3.44923788302605
0

0101000
+554 0 -550 0 *
Ve
1e-07
-14.2087690683247 19.9239787585774 0
0 0

0101101
*
Ed
 1e-07 1 1 0
1  59 0 0 1.69506925744394
2  55 2 0 0 1.69506925744394
0

0101000
+548 0 -552 0 *
Ve
1e-07
5.20098050874731 20.5738172241159 0
0 0

0101101
*
Ed
 1e-07 1 1 0
1  60 0 0 3.84341131945365
2  56 2 0 0 3.84341131945365
0

0101000
+550 0 -546 0 *
Ve
1e-07
1.73347850262238 19.9970403918576 0
0 0

0101101
*
Ed
 1e-07 1 1 0
1  61 0 0 15.9424149869343
2  57 2 0 0 15.9424149869343
0

0101000
+544 0 -548 0 *
Ed
 1e-07 1 1 0
1  62 0 0 3.51514461675622
2  58 2 0 0 3.51514461675622
0

0101000
+546 0 -544 0 *
Wi

0101100
+662 0 +655 0 +648 0 +643 0 +641 0 +639 0 +637 0 +635 0 +633 0 +631 0 
+629 0 +627 0 +625 0 +623 0 +621 0 +619 0 +617 0 +615 0 +613 0 +611 0 
+609 0 +607 0 +605 0 +603 0 +601 0 +599 0 +597 0 +595 0 +593 0 +591 0 
+589 0 +587 0 +585 0 +583 0 +581 0 +579 0 +577 0 +575 0 +573 0 +571 0 
+569 0 +567 0 +565 0 +563 0 +561 0 +559 0 +557 0 +555 0 +553 0 +551 0 
+549 0 +547 0 +545 0 +543 0 +542 0 *
Ve
1e-07
-21.5030014909348 -22.3269991690237 0
0 0

0101101
*
Ed
 1e-07 1 1 0
1  63 0 0 6.28318530717959
2  59 6 0 0 6.28318530717959
2  60 7 0 0 6.28318530717959
2  61 2 0 0 6.28318530717959
0

0101000
+540 0 -540 0 *
Wi

0101100
-539 0 *
Ve
1e-07
-30.1097942533905 -24.5766316001018 0
0 0

0101101
*
Ve
1e-07
-30.1573828539149 -4.79380623670011 0
0 0

0101101
*
Ed
 1e-07 1 1 0
1  64 0 0 19.7828826017279
2  62 8 0 0 19.7828826017279
2  63 9 0 0 19.7828826017279
2  64 2 0 0 19.7828826017279
0

0101000
+537 0 -536 0 *
Ve
1e-07
-41.0630223638241 -24.6135984258275 0
0 0

0101101
*
Ed
 1e-07 1 1 0
1  65 0 0 10.9532904912359
2  65 8 0 0 10.9532904912359
2  66 10 0 0 10.9532904912359
2  67 2 0 0 10.9532904912359
0

0101000
+534 0 -537 0 *
Ve
1e-07
-28.7067084991906 -2.8477503478901 0
0 0

0101101
*
Ed
 1e-07 1 1 0
1  66 0 0 2.42725969064437
2  68 8 0 0 2.42725969064437
2  69 11 0 0 2.42725969064437
2  70 2 0 0 2.42725969064437
0

0101000
+536 0 -532 0 *
Ve
1e-07
-41.6211073274673 23.958163529575 0
0 0

0101101
*
Ed
 1e-07 1 1 0
1  67 0 0 48.5749680213886
2  71 8 0 0 48.5749680213886
2  72 12 0 0 48.5749680213886
2  73 2 0 0 48.5749680213886
0

0101000
+530 0 -534 0 *
Ve
1e-07
-28.0320966406708 -0.90243459915726 0
0 0

0101101
*
Ed
 1e-07 1 1 0
1  68 0 0 2.05896928629922
2  74 8 0 0 2.05896928629922
2  75 13 0 0 2.05896928629922
2  76 2 0 0 2.05896928629922
0

0101000
+532 0 -528 0 *
Ve
1e-07
-30.6200390874677 24.0416382221297 0
0 0

0101101
*
Ed
 1e-07 1 1 0
1  69 0 0 11.001384933063
2  77 8 0 0 11.001384933063
2  78 14 0 0 11.001384933063
2  79 2 0 0 11.001384933063
0

0101000
+526 0 -530 0 *
Ve
1e-07
-28.0356861388413 0.653591145960061 0
0 0

0101101
*
Ed
 1e-07 1 1 0
1  70 0 0 1.55602988530588
2  80 8 0 0 1.55602988530588
2  81 15 0 0 1.55602988530588
2  82 2 0 0 1.55602988530588
0

0101000
+528 0 -524 0 *
Ve
1e-07
-30.1809275413012 4.64165763968781 0
0 0

0101101
*
Ed
 1e-07 1 1 0
1  71 0 0 19.4049495116349
2  83 8 0 0 19.4049495116349
2  84 16 0 0 19.4049495116349
2  85 2 0 0 19.4049495116349
0

0101000
+522 0 -526 0 *
Ve
1e-07
-28.719598690258 2.59870604996354 0
0 0

0101101
*
Ed
 1e-07 1 1 0
1  72 0 0 2.06184586421045
2  86 8 0 0 2.06184586421045
2  87 17 0 0 2.06184586421045
2  88 2 0 0 2.06184586421045
0

0101000
+524 0 -520 0 *
Ed
 1e-07 1 1 0
1  73 0 0 2.51179879943598
2  89 8 0 0 2.51179879943598
2  90 18 0 0 2.51179879943598
2  91 2 0 0 2.51179879943598
0

0101000
+520 0 -522 0 *
Wi

0101100
-535 0 -533 0 -531 0 -529 0 -527 0 -525 0 -523 0 -521 0 -519 0 -518 0 
*
Ve
1e-07
-5.29566820872778 -8.14331288010156 0
0 0

0101101
*
Ve
1e-07
-5.39705873986868 7.95601899836477 0
0 0

0101101
*
Ed
 1e-07 1 1 0
1  74 0 0 16.0996511444443
2  92 19 0 0 16.0996511444443
2  93 20 0 0 16.0996511444443
2  94 2 0 0 16.0996511444443
0

0101000
+516 0 -515 0 *
Ve
1e-07
-17.2672348764664 -8.16890268234065 0
0 0

0101101
*
Ed
 1e-07 1 1 0
1  75 0 0 11.9715940174268
2  95 19 0 0 11.9715940174268
2  96 21 0 0 11.9715940174268
2  97 2 0 0 11.9715940174268
0

0101000
+513 0 -516 0 *
Ve
1e-07
-17.3858360013323 7.85751360805767 0
0 0

0101101
*
Ed
 1e-07 1 1 0
1  76 0 0 11.9891819377682
2  98 19 0 0 11.9891819377682
2  99 22 0 0 11.9891819377682
2  100 2 0 0 11.9891819377682
0

0101000
+515 0 -511 0 *
Ed
 1e-07 1 1 0
1  77 0 0 16.0268551294371
2  101 19 0 0 16.0268551294371
2  102 23 0 0 16.0268551294371
2  103 2 0 0 16.0268551294371
0

0101000
+511 0 -513 0 *
Wi

0101100
-514 0 -512 0 -510 0 -509 0 *
Ve
1e-07
25.3382216266935 -42.0548772865486 0
0 0

0101101
*
Ed
 1e-07 1 1 0
1  78 0 0 6.28318530717959
2  104 24 0 0 6.28318530717959
2  105 25 0 0 6.28318530717959
2  106 2 0 0 6.28318530717959
0

0101000
+507 0 -507 0 *
Wi

0101100
-506 0 *
Ve
1.00000000111022e-07
26.3322430101199 -32.7760389489365 0
0 0

0101101
*
Ve
1.00000000111022e-07
23.0998438864018 -32.7624539433786 0
0 0

0101101
*
Ed
 1e-07 1 1 0
1  79 0 0 3.14159265358979
2  107 26 0 0 3.14159265358979
2  108 27 0 0 3.14159265358979
2  109 2 0 0 3.14159265358979
0

0101000
+504 0 -503 0 *
Ve
1.00000000111022e-07
26.3963884027081 -17.5133649728806 0
0 0

0101101
*
Ed
 1e-07 1 1 0
1  80 0 0 15.2628087693833
2  110 28 0 0 15.2628087693833
2  111 27 0 0 15.2628087693833
2  112 2 0 0 15.2628087693833
0

0101000
+501 0 -504 0 *
Ve
1.00000000111022e-07
23.16398927899 -17.4997799673228 0
0 0

0101101
*
Ed
 1e-07 1 1 0
1  81 0 0 15.2628087693833
2  113 29 0 0 15.2628087693833
2  114 27 0 0 15.2628087693833
2  115 2 0 0 15.2628087693833
0

0101000
+503 0 -499 0 *
Ed
 1e-07 1 1 0
1  82 0 0 3.14159265358979
2  116 30 0 0 3.14159265358979
2  117 27 0 0 3.14159265358979
2  118 2 0 0 3.14159265358979
0

0101000
+499 0 -501 0 *
Wi

0101100
+502 0 +500 0 +498 0 +497 0 *
Ve
1e-07
1.82687403642416 -15.0925421277266 0
0 0

0101101
*
Ed
 1e-07 1 1 0
1  83 0 0 6.28318530717959
2  119 31 0 0 6.28318530717959
2  120 32 0 0 6.28318530717959
2  121 2 0 0 6.28318530717959
0

0101000
+495 0 -495 0 *
Wi

0101100
-494 0 *
Ve
1.00000000111022e-07
14.4789335028027 -15.1477481366301 0
0 0

0101101
*
Ve
1.00000000111022e-07
11.2245125215536 -15.1435305954953 0
0 0

0101101
*
Ed
 1e-07 1 1 0
1  84 0 0 3.14159265358979
2  122 33 0 0 3.14159265358979
2  123 34 0 0 3.14159265358979
2  124 2 0 0 3.14159265358979
0

0101000
+492 0 -491 0 *
Ve
1.00000000111022e-07
14.5181659296951 15.1255388672579 0
0 0

0101101
*
Ed
 1e-07 1 1 0
1  85 0 0 30.273312425354
2  125 35 0 0 30.273312425354
2  126 34 0 0 30.273312425354
2  127 2 0 0 30.273312425354
0

0101000
+489 0 -492 0 *
Ve
1.00000000111022e-07
11.263744948446 15.1297564083927 0
0 0

0101101
*
Ed
 1e-07 1 1 0
1  86 0 0 30.273312425354
2  128 36 0 0 30.273312425354
2  129 34 0 0 30.273312425354
2  130 2 0 0 30.273312425354
0

0101000
+491 0 -487 0 *
Ed
 1e-07 1 1 0
1  87 0 0 3.14159265358979
2  131 37 0 0 3.14159265358979
2  132 34 0 0 3.14159265358979
2  133 2 0 0 3.14159265358979
0

0101000
+487 0 -489 0 *
Wi

0101100
+490 0 +488 0 +486 0 +485 0 *
Ve
1.00000000111022e-07
20.4987625378868 -15.0302718185852 0
0 0

0101101
*
Ve
1.00000000111022e-07
17.2518459230509 -15.0243493593187 0
0 0

0101101
*
Ed
 1e-07 1 1 0
1  88 0 0 3.14159265358979
2  134 38 0 0 3.14159265358979
2  135 39 0 0 3.14159265358979
2  136 2 0 0 3.14159265358979
0

0101000
+483 0 -482 0 *
Ve
1.00000000111022e-07
20.5537526405277 15.1173864228437 0
0 0

0101101
*
Ed
 1e-07 1 1 0
1  89 0 0 30.1477083930667
2  137 40 0 0 30.1477083930667
2  138 39 0 0 30.1477083930667
2  139 2 0 0 30.1477083930667
0

0101000
+480 0 -483 0 *
Ve
1.00000000111022e-07
17.3068360256919 15.1233088821102 0
0 0

0101101
*
Ed
 1e-07 1 1 0
1  90 0 0 30.1477083930667
2  140 41 0 0 30.1477083930667
2  141 39 0 0 30.1477083930667
2  142 2 0 0 30.1477083930667
0

0101000
+482 0 -478 0 *
Ed
 1e-07 1 1 0
1  91 0 0 3.14159265358979
2  143 42 0 0 3.14159265358979
2  144 39 0 0 3.14159265358979
2  145 2 0 0 3.14159265358979
0

0101000
+478 0 -480 0 *
Wi

0101100
+481 0 +479 0 +477 0 +476 0 *
Ve
1e-07
-21.867561407753 21.983029864191 0
0 0

0101101
*
Ed
 1e-07 1 1 0
1  92 0 0 6.28318530717959
2  146 43 0 0 6.28318530717959
2  147 44 0 0 6.28318530717959
2  148 2 0 0 6.28318530717959
0

0101000
+474 0 -474 0 *
Wi

0101100
-473 0 *
Ve
1e-07
1.54974133307835 15.2386511952365 0
0 0

0101101
*
Ed
 1e-07 1 1 0
1  93 0 0 6.28318530717959
2  149 45 0 0 6.28318530717959
2  150 46 0 0 6.28318530717959
2  151 2 0 0 6.28318530717959
0

0101000
+471 0 -471 0 *
Wi

0101100
-470 0 *
Ve
1e-07
25.9138976181044 17.7260150347962 0
0 0

0101101
*
Ve
1e-07
22.6649043422331 17.7275230324803 0
0 0

0101101
*
Ed
 1e-07 1 1 0
1  94 0 0 3.14159265358979
2  152 47 0 0 3.14159265358979
2  153 48 0 0 3.14159265358979
2  154 2 0 0 3.14159265358979
0

0101000
+468 0 -467 0 *
Ve
1e-07
25.9209120833328 32.8387374229869 0
0 0

0101101
*
Ed
 1e-07 1 1 0
1  95 0 0 15.1127240160482
2  155 49 0 0 15.1127240160482
2  156 48 0 0 15.1127240160482
2  157 2 0 0 15.1127240160482
0

0101000
+465 0 -468 0 *
Ve
1e-07
22.6719188074615 32.8402454206709 0
0 0

0101101
*
Ed
 1e-07 1 1 0
1  96 0 0 15.1127240160482
2  158 50 0 0 15.1127240160482
2  159 48 0 0 15.1127240160482
2  160 2 0 0 15.1127240160482
0

0101000
+467 0 -463 0 *
Ed
 1e-07 1 1 0
1  97 0 0 3.14159265358979
2  161 51 0 0 3.14159265358979
2  162 48 0 0 3.14159265358979
2  163 2 0 0 3.14159265358979
0

0101000
+463 0 -465 0 *
Wi

0101100
+466 0 +464 0 +462 0 +461 0 *
Ve
1e-07
24.495059368311 42.2527375238714 0
0 0

0101101
*
Ed
 1e-07 1 1 0
1  98 0 0 6.28318530717959
2  164 52 0 0 6.28318530717959
2  165 53 0 0 6.28318530717959
2  166 2 0 0 6.28318530717959
0

0101000
+459 0 -459 0 *
Wi

0101100
-458 0 *
Fa
0  1e-07 2 0

0101000
+541 0 +538 0 +517 0 +508 0 +505 0 +496 0 +493 0 +484 0 +475 0 +472 0 
+469 0 +460 0 +457 0 *
Ve
1e-07
18.3715432713298 -46.7796943261227 2
0 0

0101101
*
Ed
 1e-07 1 1 0
1  99 0 0 2.83625454188691
2  167 3 0 0 2.83625454188691
0

0101000
+455 0 -657 0 *
Ve
1e-07
30.6325664066703 -43.6164309181296 2
0 0

0101101
*
Ed
 1e-07 1 1 0
1  100 0 0 2.99872862171125
2  168 3 0 0 2.99872862171125
0

0101000
+650 0 -453 0 *
Ve
1e-07
16.9551781570179 -44.4046287729778 2
0 0

0101101
*
Ed
 1e-07 1 1 0
1  101 0 0 2.76532575274145
2  169 3 0 0 2.76532575274145
0

0101000
+451 0 -455 0 *
Ve
1e-07
32.6372465558278 -24.6693033866631 2
0 0

0101101
*
Ed
 1e-07 1 1 0
1  102 0 0 19.0528838812942
2  170 3 0 0 19.0528838812942
0

0101000
+453 0 -449 0 *
Ve
1e-07
16.5852004804022 -41.9223704967934 2
0 0

0101101
*
Ed
 1e-07 1 1 0
1  103 0 0 2.5096791888367
2  171 3 0 0 2.5096791888367
0

0101000
+447 0 -451 0 *
Ve
1e-07
31.6980958648795 -22.7565016130517 2
0 0

0101101
*
Ed
 1e-07 1 1 0
1  104 0 0 2.13091873271597
2  172 3 0 0 2.13091873271597
0

0101000
+449 0 -445 0 *
Ve
1e-07
17.081298162115 -37.2291577396725 2
0 0

0101101
*
Ed
 1e-07 1 1 0
1  105 0 0 4.71936000887869
2  173 3 0 0 4.71936000887869
0

0101000
+443 0 -447 0 *
Ve
1e-07
29.5272192933284 -19.88787281538 2
0 0

0101101
*
Ed
 1e-07 1 1 0
1  106 0 0 3.59746247621032
2  174 3 0 0 3.59746247621032
0

0101000
+445 0 -441 0 *
Ve
1e-07
16.6210536177085 -33.0154107147615 2
0 0

0101101
*
Ed
 1e-07 1 1 0
1  107 0 0 4.23880750100804
2  175 3 0 0 4.23880750100804
0

0101000
+439 0 -443 0 *
Ve
1e-07
28.9709874209707 -16.5271947473019 2
0 0

0101101
*
Ed
 1e-07 1 1 0
1  108 0 0 3.40639853409543
2  176 3 0 0 3.40639853409543
0

0101000
+441 0 -437 0 *
Ve
1e-07
15.3928307095605 -29.568362217271 2
0 0

0101101
*
Ed
 1e-07 1 1 0
1  109 0 0 3.65932710428449
2  177 3 0 0 3.65932710428449
0

0101000
+435 0 -439 0 *
Ve
1e-07
28.6812687856377 17.912231876792 2
0 0

0101101
*
Ed
 1e-07 1 1 0
1  110 0 0 34.4406452187529
2  178 3 0 0 34.4406452187529
0

0101000
+437 0 -433 0 *
Ve
1e-07
13.7779848902385 -26.7914112283271 2
0 0

0101101
*
Ed
 1e-07 1 1 0
1  111 0 0 3.21234864471123
2  179 3 0 0 3.21234864471123
0

0101000
+431 0 -435 0 *
Ve
1e-07
29.5427829774993 20.5223906486797 2
0 0

0101101
*
Ed
 1e-07 1 1 0
1  112 0 0 2.74866067699184
2  180 3 0 0 2.74866067699184
0

0101000
+433 0 -429 0 *
Ve
1e-07
11.4909757493205 -24.0140755946288 2
0 0

0101101
*
Ed
 1e-07 1 1 0
1  113 0 0 3.59777765194749
2  181 3 0 0 3.59777765194749
0

0101000
+427 0 -431 0 *
Ve
1e-07
31.5478229266743 23.4193705057767 2
0 0

0101101
*
Ed
 1e-07 1 1 0
1  114 0 0 3.52316299512438
2  182 3 0 0 3.52316299512438
0

0101000
+429 0 -425 0 *
Ve
1e-07
8.91108761801797 -22.0044315766558 2
0 0

0101101
*
Ed
 1e-07 1 1 0
1  115 0 0 3.27024339293122
2  183 3 0 0 3.27024339293122
0

0101000
+423 0 -427 0 *
Ve
1e-07
31.5503878174236 26.2251828696994 2
0 0

0101101
*
Ed
 1e-07 1 1 0
1  116 0 0 2.8058135362504
2  184 3 0 0 2.8058135362504
0

0101000
+425 0 -421 0 *
Ve
1e-07
5.75099247212217 -20.5727917688332 2
0 0

0101101
*
Ed
 1e-07 1 1 0
1  117 0 0 3.46926416844502
2  185 3 0 0 3.46926416844502
0

0101000
+419 0 -423 0 *
Ve
1e-07
29.5485820551431 42.7933690636202 2
0 0

0101101
*
Ed
 1e-07 1 1 0
1  118 0 0 16.6886793985122
2  186 3 0 0 16.6886793985122
0

0101000
+421 0 -417 0 *
Ve
1e-07
2.20107962219014 -20.008805214194 2
0 0

0101101
*
Ed
 1e-07 1 1 0
1  119 0 0 3.59443487573866
2  187 3 0 0 3.59443487573866
0

0101000
+415 0 -419 0 *
Ve
1e-07
28.4007938767985 45.3201908602115 2
0 0

0101101
*
Ed
 1e-07 1 1 0
1  120 0 0 2.77529207365222
2  188 3 0 0 2.77529207365222
0

0101000
+417 0 -413 0 *
Ve
1e-07
-14.8406570924666 -20.4600061965252 2
0 0

0101101
*
Ed
 1e-07 1 1 0
1  121 0 0 17.0477087193011
2  189 3 0 0 17.0477087193011
0

0101000
+411 0 -415 0 *
Ve
1e-07
26.2002782798456 47.7585603046679 2
0 0

0101101
*
Ed
 1e-07 1 1 0
1  122 0 0 3.28449607095082
2  190 3 0 0 3.28449607095082
0

0101000
+413 0 -409 0 *
Ve
1e-07
-16.0947631270124 -21.5279452997759 2
0 0

0101101
*
Ed
 1e-07 1 1 0
1  123 0 0 1.64720243872337
2  191 3 0 0 1.64720243872337
0

0101000
+407 0 -411 0 *
Ve
1e-07
23.7111937015577 49.133763328376 2
0 0

0101101
*
Ed
 1e-07 1 1 0
1  124 0 0 2.84371682737341
2  192 3 0 0 2.84371682737341
0

0101000
+409 0 -405 0 *
Ve
1e-07
-16.2844125720246 -26.2623832576161 2
0 0

0101101
*
Ed
 1e-07 1 1 0
1  125 0 0 4.7382348705643
2  193 3 0 0 4.7382348705643
0

0101000
+403 0 -407 0 *
Ve
1e-07
21.316929632657 49.1506696881667 2
0 0

0101101
*
Ed
 1e-07 1 1 0
1  126 0 0 2.39432375768827
2  194 3 0 0 2.39432375768827
0

0101000
+405 0 -401 0 *
Ve
1e-07
-17.9243190264511 -27.1382566276203 2
0 0

0101101
*
Ed
 1e-07 1 1 0
1  127 0 0 1.85915231746942
2  195 3 0 0 1.85915231746942
0

0101000
+399 0 -403 0 *
Ve
1e-07
18.921415719916 48.3907111291018 2
0 0

0101101
*
Ed
 1e-07 1 1 0
1  128 0 0 2.51317009325505
2  196 3 0 0 2.51317009325505
0

0101000
+401 0 -397 0 *
Ve
1e-07
-41.8291654629344 -27.3267802432097 2
0 0

0101101
*
Ed
 1e-07 1 1 0
1  129 0 0 23.9055898129597
2  197 3 0 0 23.9055898129597
0

0101000
+395 0 -399 0 *
Ve
1e-07
17.1011480347534 46.4609369458464 2
0 0

0101101
*
Ed
 1e-07 1 1 0
1  130 0 0 2.65281036714011
2  198 3 0 0 2.65281036714011
0

0101000
+397 0 -393 0 *
Ve
1e-07
-43.1889875737791 -26.9442020311454 2
0 0

0101101
*
Ed
 1e-07 1 1 0
1  131 0 0 1.41261539758301
2  199 3 0 0 1.41261539758301
0

0101000
+391 0 -395 0 *
Ve
1e-07
16.0481746125537 44.1368942069314 2
0 0

0101101
*
Ed
 1e-07 1 1 0
1  132 0 0 2.55145599220571
2  200 3 0 0 2.55145599220571
0

0101000
+393 0 -389 0 *
Ve
1e-07
-43.9707596634893 -25.5912662269666 2
0 0

0101101
*
Ed
 1e-07 1 1 0
1  133 0 0 1.5625629236862
2  201 3 0 0 1.5625629236862
0

0101000
+387 0 -391 0 *
Ve
1e-07
15.7629564569068 41.6136886817043 2
0 0

0101101
*
Ed
 1e-07 1 1 0
1  134 0 0 2.53927460485216
2  202 3 0 0 2.53927460485216
0

0101000
+389 0 -385 0 *
Ve
1e-07
-44.5458184897625 24.0591299378315 2
0 0

0101101
*
Ed
 1e-07 1 1 0
1  135 0 0 49.6537262647536
2  203 3 0 0 49.6537262647536
0

0101000
+383 0 -387 0 *
Ve
1e-07
16.4384855503981 37.5321777069233 2
0 0

0101101
*
Ed
 1e-07 1 1 0
1  136 0 0 4.13703654726562
2  204 3 0 0 4.13703654726562
0

0101000
+385 0 -381 0 *
Ve
1e-07
-43.8700481547688 26.0129617574373 2
0 0

0101101
*
Ed
 1e-07 1 1 0
1  137 0 0 2.06739554148731
2  205 3 0 0 2.06739554148731
0

0101000
+379 0 -383 0 *
Ve
1e-07
16.4408816909637 33.7462503866847 2
0 0

0101101
*
Ed
 1e-07 1 1 0
1  138 0 0 3.78592807850576
2  206 3 0 0 3.78592807850576
0

0101000
+381 0 -377 0 *
Ve
1e-07
-42.5074438848528 26.6953067137194 2
0 0

0101101
*
Ed
 1e-07 1 1 0
1  139 0 0 1.52390453630041
2  207 3 0 0 1.52390453630041
0

0101000
+375 0 -379 0 *
Ve
1e-07
15.4828732299837 30.0616401099558 2
0 0

0101101
*
Ed
 1e-07 1 1 0
1  140 0 0 3.80711611363325
2  208 3 0 0 3.80711611363325
0

0101000
+377 0 -373 0 *
Ve
1e-07
-18.0000494885326 26.4583487864463 2
0 0

0101101
*
Ed
 1e-07 1 1 0
1  141 0 0 24.5085399229755
2  209 3 0 0 24.5085399229755
0

0101000
+371 0 -375 0 *
Ve
1e-07
13.7559906966958 26.7673293304161 2
0 0

0101101
*
Ed
 1e-07 1 1 0
1  142 0 0 3.71949012580566
2  210 3 0 0 3.71949012580566
0

0101000
+373 0 -369 0 *
Ve
1e-07
-16.7371321915633 25.1887304801656 2
0 0

0101101
*
Ed
 1e-07 1 1 0
1  143 0 0 1.79077936737814
2  211 3 0 0 1.79077936737814
0

0101000
+367 0 -371 0 *
Ve
1e-07
11.5475460645755 24.0556078015136 2
0 0

0101101
*
Ed
 1e-07 1 1 0
1  144 0 0 3.49723624358646
2  212 3 0 0 3.49723624358646
0

0101000
+369 0 -365 0 *
Ve
1e-07
-15.7597648257428 20.6078442044092 2
0 0

0101101
*
Ed
 1e-07 1 1 0
1  145 0 0 4.68399039699961
2  213 3 0 0 4.68399039699961
0

0101000
+363 0 -367 0 *
Ve
1e-07
8.76055133200956 22.0233916874273 2
0 0

0101101
*
Ed
 1e-07 1 1 0
1  146 0 0 3.44923788302605
2  214 3 0 0 3.44923788302605
0

0101000
+365 0 -361 0 *
Ve
1e-07
-14.2087690683247 19.9239787585774 2
0 0

0101101
*
Ed
 1e-07 1 1 0
1  147 0 0 1.69506925744394
2  215 3 0 0 1.69506925744394
0

0101000
+359 0 -363 0 *
Ve
1e-07
5.20098050874731 20.5738172241159 2
0 0

0101101
*
Ed
 1e-07 1 1 0
1  148 0 0 3.84341131945365
2  216 3 0 0 3.84341131945365
0

0101000
+361 0 -357 0 *
Ve
1e-07
1.73347850262238 19.9970403918576 2
0 0

0101101
*
Ed
 1e-07 1 1 0
1  149 0 0 15.9424149869343
2  217 3 0 0 15.9424149869343
0

0101000
+355 0 -359 0 *
Ed
 1e-07 1 1 0
1  150 0 0 3.51514461675622
2  218 3 0 0 3.51514461675622
0

0101000
+357 0 -355 0 *
Wi

0101100
+661 0 +654 0 +647 0 +454 0 +452 0 +450 0 +448 0 +446 0 +444 0 +442 0 
+440 0 +438 0 +436 0 +434 0 +432 0 +430 0 +428 0 +426 0 +424 0 +422 0 
+420 0 +418 0 +416 0 +414 0 +412 0 +410 0 +408 0 +406 0 +404 0 +402 0 
+400 0 +398 0 +396 0 +394 0 +392 0 +390 0 +388 0 +386 0 +384 0 +382 0 
+380 0 +378 0 +376 0 +374 0 +372 0 +370 0 +368 0 +366 0 +364 0 +362 0 
+360 0 +358 0 +356 0 +354 0 +353 0 *
Ve
1e-07
-21.5030014909348 -22.3269991690237 2
0 0

0101101
*
Ed
 1e-07 1 1 0
1  151 0 0 6.28318530717959
2  219 6 0 0 6.28318530717959
2  220 54 0 0 6.28318530717959
2  221 3 0 0 6.28318530717959
0

0101000
+351 0 -351 0 *
Wi

0101100
-350 0 *
Ve
1e-07
-30.1097942533905 -24.5766316001018 2
0 0

0101101
*
Ve
1e-07
-30.1573828539149 -4.79380623670011 2
0 0

0101101
*
Ed
 1e-07 1 1 0
1  152 0 0 19.7828826017279
2  222 55 0 0 19.7828826017279
2  223 9 0 0 19.7828826017279
2  224 3 0 0 19.7828826017279
0

0101000
+348 0 -347 0 *
Ve
1e-07
-41.0630223638241 -24.6135984258275 2
0 0

0101101
*
Ed
 1e-07 1 1 0
1  153 0 0 10.9532904912359
2  225 55 0 0 10.9532904912359
2  226 10 0 0 10.9532904912359
2  227 3 0 0 10.9532904912359
0

0101000
+345 0 -348 0 *
Ve
1e-07
-28.7067084991906 -2.8477503478901 2
0 0

0101101
*
Ed
 1e-07 1 1 0
1  154 0 0 2.42725969064437
2  228 55 0 0 2.42725969064437
2  229 11 0 0 2.42725969064437
2  230 3 0 0 2.42725969064437
0

0101000
+347 0 -343 0 *
Ve
1e-07
-41.6211073274673 23.958163529575 2
0 0

0101101
*
Ed
 1e-07 1 1 0
1  155 0 0 48.5749680213886
2  231 55 0 0 48.5749680213886
2  232 12 0 0 48.5749680213886
2  233 3 0 0 48.5749680213886
0

0101000
+341 0 -345 0 *
Ve
1e-07
-28.0320966406708 -0.90243459915726 2
0 0

0101101
*
Ed
 1e-07 1 1 0
1  156 0 0 2.05896928629922
2  234 55 0 0 2.05896928629922
2  235 13 0 0 2.05896928629922
2  236 3 0 0 2.05896928629922
0

0101000
+343 0 -339 0 *
Ve
1e-07
-30.6200390874677 24.0416382221297 2
0 0

0101101
*
Ed
 1e-07 1 1 0
1  157 0 0 11.001384933063
2  237 55 0 0 11.001384933063
2  238 14 0 0 11.001384933063
2  239 3 0 0 11.001384933063
0

0101000
+337 0 -341 0 *
Ve
1e-07
-28.0356861388413 0.653591145960061 2
0 0

0101101
*
Ed
 1e-07 1 1 0
1  158 0 0 1.55602988530588
2  240 55 0 0 1.55602988530588
2  241 15 0 0 1.55602988530588
2  242 3 0 0 1.55602988530588
0

0101000
+339 0 -335 0 *
Ve
1e-07
-30.1809275413012 4.64165763968781 2
0 0

0101101
*
Ed
 1e-07 1 1 0
1  159 0 0 19.4049495116349
2  243 55 0 0 19.4049495116349
2  244 16 0 0 19.4049495116349
2  245 3 0 0 19.4049495116349
0

0101000
+333 0 -337 0 *
Ve
1e-07
-28.719598690258 2.59870604996354 2
0 0

0101101
*
Ed
 1e-07 1 1 0
1  160 0 0 2.06184586421045
2  246 55 0 0 2.06184586421045
2  247 17 0 0 2.06184586421045
2  248 3 0 0 2.06184586421045
0

0101000
+335 0 -331 0 *
Ed
 1e-07 1 1 0
1  161 0 0 2.51179879943598
2  249 55 0 0 2.51179879943598
2  250 18 0 0 2.51179879943598
2  251 3 0 0 2.51179879943598
0

0101000
+331 0 -333 0 *
Wi

0101100
-346 0 -344 0 -342 0 -340 0 -338 0 -336 0 -334 0 -332 0 -330 0 -329 0 
*
Ve
1e-07
-5.29566820872778 -8.14331288010156 2
0 0

0101101
*
Ve
1e-07
-5.39705873986868 7.95601899836477 2
0 0

0101101
*
Ed
 1e-07 1 1 0
1  162 0 0 16.0996511444443
2  252 56 0 0 16.0996511444443
2  253 20 0 0 16.0996511444443
2  254 3 0 0 16.0996511444443
0

0101000
+327 0 -326 0 *
Ve
1e-07
-17.2672348764664 -8.16890268234065 2
0 0

0101101
*
Ed
 1e-07 1 1 0
1  163 0 0 11.9715940174268
2  255 56 0 0 11.9715940174268
2  256 21 0 0 11.9715940174268
2  257 3 0 0 11.9715940174268
0

0101000
+324 0 -327 0 *
Ve
1e-07
-17.3858360013323 7.85751360805767 2
0 0

0101101
*
Ed
 1e-07 1 1 0
1  164 0 0 11.9891819377682
2  258 56 0 0 11.9891819377682
2  259 22 0 0 11.9891819377682
2  260 3 0 0 11.9891819377682
0

0101000
+326 0 -322 0 *
Ed
 1e-07 1 1 0
1  165 0 0 16.0268551294371
2  261 56 0 0 16.0268551294371
2  262 23 0 0 16.0268551294371
2  263 3 0 0 16.0268551294371
0

0101000
+322 0 -324 0 *
Wi

0101100
-325 0 -323 0 -321 0 -320 0 *
Ve
1e-07
25.3382216266935 -42.0548772865486 2
0 0

0101101
*
Ed
 1e-07 1 1 0
1  166 0 0 6.28318530717959
2  264 24 0 0 6.28318530717959
2  265 57 0 0 6.28318530717959
2  266 3 0 0 6.28318530717959
0

0101000
+318 0 -318 0 *
Wi

0101100
-317 0 *
Ve
1.00000000111022e-07
26.3322430101199 -32.7760389489365 2
0 0

0101101
*
Ve
1.00000000111022e-07
23.0998438864018 -32.7624539433786 2
0 0

0101101
*
Ed
 1e-07 1 1 0
1  167 0 0 3.14159265358979
2  267 26 0 0 3.14159265358979
2  268 58 0 0 3.14159265358979
2  269 3 0 0 3.14159265358979
0

0101000
+315 0 -314 0 *
Ve
1.00000000111022e-07
26.3963884027081 -17.5133649728806 2
0 0

0101101
*
Ed
 1e-07 1 1 0
1  168 0 0 15.2628087693833
2  270 28 0 0 15.2628087693833
2  271 58 0 0 15.2628087693833
2  272 3 0 0 15.2628087693833
0

0101000
+312 0 -315 0 *
Ve
1.00000000111022e-07
23.16398927899 -17.4997799673228 2
0 0

0101101
*
Ed
 1e-07 1 1 0
1  169 0 0 15.2628087693833
2  273 29 0 0 15.2628087693833
2  274 58 0 0 15.2628087693833
2  275 3 0 0 15.2628087693833
0

0101000
+314 0 -310 0 *
Ed
 1e-07 1 1 0
1  170 0 0 3.14159265358979
2  276 30 0 0 3.14159265358979
2  277 58 0 0 3.14159265358979
2  278 3 0 0 3.14159265358979
0

0101000
+310 0 -312 0 *
Wi

0101100
+313 0 +311 0 +309 0 +308 0 *
Ve
1e-07
1.82687403642416 -15.0925421277266 2
0 0

0101101
*
Ed
 1e-07 1 1 0
1  171 0 0 6.28318530717959
2  279 31 0 0 6.28318530717959
2  280 59 0 0 6.28318530717959
2  281 3 0 0 6.28318530717959
0

0101000
+306 0 -306 0 *
Wi

0101100
-305 0 *
Ve
1.00000000111022e-07
14.4789335028027 -15.1477481366301 2
0 0

0101101
*
Ve
1.00000000111022e-07
11.2245125215536 -15.1435305954953 2
0 0

0101101
*
Ed
 1e-07 1 1 0
1  172 0 0 3.14159265358979
2  282 33 0 0 3.14159265358979
2  283 60 0 0 3.14159265358979
2  284 3 0 0 3.14159265358979
0

0101000
+303 0 -302 0 *
Ve
1.00000000111022e-07
14.5181659296951 15.1255388672579 2
0 0

0101101
*
Ed
 1e-07 1 1 0
1  173 0 0 30.273312425354
2  285 35 0 0 30.273312425354
2  286 60 0 0 30.273312425354
2  287 3 0 0 30.273312425354
0

0101000
+300 0 -303 0 *
Ve
1.00000000111022e-07
11.263744948446 15.1297564083927 2
0 0

0101101
*
Ed
 1e-07 1 1 0
1  174 0 0 30.273312425354
2  288 36 0 0 30.273312425354
2  289 60 0 0 30.273312425354
2  290 3 0 0 30.273312425354
0

0101000
+302 0 -298 0 *
Ed
 1e-07 1 1 0
1  175 0 0 3.14159265358979
2  291 37 0 0 3.14159265358979
2  292 60 0 0 3.14159265358979
2  293 3 0 0 3.14159265358979
0

0101000
+298 0 -300 0 *
Wi

0101100
+301 0 +299 0 +297 0 +296 0 *
Ve
1.00000000111022e-07
20.4987625378868 -15.0302718185852 2
0 0

0101101
*
Ve
1.00000000111022e-07
17.2518459230509 -15.0243493593187 2
0 0

0101101
*
Ed
 1e-07 1 1 0
1  176 0 0 3.14159265358979
2  294 38 0 0 3.14159265358979
2  295 61 0 0 3.14159265358979
2  296 3 0 0 3.14159265358979
0

0101000
+294 0 -293 0 *
Ve
1.00000000111022e-07
20.5537526405277 15.1173864228437 2
0 0

0101101
*
Ed
 1e-07 1 1 0
1  177 0 0 30.1477083930667
2  297 40 0 0 30.1477083930667
2  298 61 0 0 30.1477083930667
2  299 3 0 0 30.1477083930667
0

0101000
+291 0 -294 0 *
Ve
1.00000000111022e-07
17.3068360256919 15.1233088821102 2
0 0

0101101
*
Ed
 1e-07 1 1 0
1  178 0 0 30.1477083930667
2  300 41 0 0 30.1477083930667
2  301 61 0 0 30.1477083930667
2  302 3 0 0 30.1477083930667
0

0101000
+293 0 -289 0 *
Ed
 1e-07 1 1 0
1  179 0 0 3.14159265358979
2  303 42 0 0 3.14159265358979
2  304 61 0 0 3.14159265358979
2  305 3 0 0 3.14159265358979
0

0101000
+289 0 -291 0 *
Wi

0101100
+292 0 +290 0 +288 0 +287 0 *
Ve
1e-07
-21.867561407753 21.983029864191 2
0 0

0101101
*
Ed
 1e-07 1 1 0
1  180 0 0 6.28318530717959
2  306 43 0 0 6.28318530717959
2  307 62 0 0 6.28318530717959
2  308 3 0 0 6.28318530717959
0

0101000
+285 0 -285 0 *
Wi

0101100
-284 0 *
Ve
1e-07
1.54974133307835 15.2386511952365 2
0 0

0101101
*
Ed
 1e-07 1 1 0
1  181 0 0 6.28318530717959
2  309 45 0 0 6.28318530717959
2  310 63 0 0 6.28318530717959
2  311 3 0 0 6.28318530717959
0

0101000
+282 0 -282 0 *
Wi

0101100
-281 0 *
Ve
1e-07
25.9138976181044 17.7260150347962 2
0 0

0101101
*
Ve
1e-07
22.6649043422331 17.7275230324803 2
0 0

0101101
*
Ed
 1e-07 1 1 0
1  182 0 0 3.14159265358979
2  312 47 0 0 3.14159265358979
2  313 64 0 0 3.14159265358979
2  314 3 0 0 3.14159265358979
0

0101000
+279 0 -278 0 *
Ve
1e-07
25.9209120833328 32.8387374229869 2
0 0

0101101
*
Ed
 1e-07 1 1 0
1  183 0 0 15.1127240160482
2  315 49 0 0 15.1127240160482
2  316 64 0 0 15.1127240160482
2  317 3 0 0 15.1127240160482
0

0101000
+276 0 -279 0 *
Ve
1e-07
22.6719188074615 32.8402454206709 2
0 0

0101101
*
Ed
 1e-07 1 1 0
1  184 0 0 15.1127240160482
2  318 50 0 0 15.1127240160482
2  319 64 0 0 15.1127240160482
2  320 3 0 0 15.1127240160482
0

0101000
+278 0 -274 0 *
Ed
 1e-07 1 1 0
1  185 0 0 3.14159265358979
2  321 51 0 0 3.14159265358979
2  322 64 0 0 3.14159265358979
2  323 3 0 0 3.14159265358979
0

0101000
+274 0 -276 0 *
Wi

0101100
+277 0 +275 0 +273 0 +272 0 *
Ve
1e-07
24.495059368311 42.2527375238714 2
0 0

0101101
*
Ed
 1e-07 1 1 0
1  186 0 0 6.28318530717959
2  324 52 0 0 6.28318530717959
2  325 65 0 0 6.28318530717959
2  326 3 0 0 6.28318530717959
0

0101000
+270 0 -270 0 *
Wi

0101100
-269 0 *
Fa
0  1e-07 3 0

0101000
+352 0 +349 0 +328 0 +319 0 +316 0 +307 0 +304 0 +295 0 +286 0 +283 0 
+280 0 +271 0 +268 0 *
Ed
 1e-07 1 1 0
1  187 0 0 2
0

0101000
+644 0 -455 0 *
Wi

0101100
+266 0 -656 0 -643 0 +454 0 *
Fa
0  1e-07 66 0

0101000
+265 0 *
Ed
 1e-07 1 1 0
1  188 0 0 2
0

0101000
+642 0 -453 0 *
Wi

0101100
+649 0 -263 0 -641 0 +452 0 *
Fa
0  1e-07 67 0

0101000
+262 0 *
Ed
 1e-07 1 1 0
1  189 0 0 2
0

0101000
+640 0 -451 0 *
Wi

0101100
+260 0 -266 0 -639 0 +450 0 *
Fa
0  1e-07 68 0

0101000
+259 0 *
Ed
 1e-07 1 1 0
1  190 0 0 2
0

0101000
+638 0 -449 0 *
Wi

0101100
+263 0 -257 0 -637 0 +448 0 *
Fa
0  1e-07 69 0

0101000
+256 0 *
Ed
 1e-07 1 1 0
1  191 0 0 2
0

0101000
+636 0 -447 0 *
Wi

0101100
+254 0 -260 0 -635 0 +446 0 *
Fa
0  1e-07 70 0

0101000
+253 0 *
Ed
 1e-07 1 1 0
1  192 0 0 2
0

0101000
+634 0 -445 0 *
Wi

0101100
+257 0 -251 0 -633 0 +444 0 *
Fa
0  1e-07 71 0

0101000
+250 0 *
Ed
 1e-07 1 1 0
1  193 0 0 2
0

0101000
+632 0 -443 0 *
Wi

0101100
+248 0 -254 0 -631 0 +442 0 *
Fa
0  1e-07 72 0

0101000
+247 0 *
Ed
 1e-07 1 1 0
1  194 0 0 2
0

0101000
+630 0 -441 0 *
Wi

0101100
+251 0 -245 0 -629 0 +440 0 *
Fa
0  1e-07 73 0

0101000
+244 0 *
Ed
 1e-07 1 1 0
1  195 0 0 2
0

0101000
+628 0 -439 0 *
Wi

0101100
+242 0 -248 0 -627 0 +438 0 *
Fa
0  1e-07 74 0

0101000
+241 0 *
Ed
 1e-07 1 1 0
1  196 0 0 2
0

0101000
+626 0 -437 0 *
Wi

0101100
+245 0 -239 0 -625 0 +436 0 *
Fa
0  1e-07 75 0

0101000
+238 0 *
Ed
 1e-07 1 1 0
1  197 0 0 2
0

0101000
+624 0 -435 0 *
Wi

0101100
+236 0 -242 0 -623 0 +434 0 *
Fa
0  1e-07 76 0

0101000
+235 0 *
Ed
 1e-07 1 1 0
1  198 0 0 2
0

0101000
+622 0 -433 0 *
Wi

0101100
+239 0 -233 0 -621 0 +432 0 *
Fa
0  1e-07 77 0

0101000
+232 0 *
Ed
 1e-07 1 1 0
1  199 0 0 2
0

0101000
+620 0 -431 0 *
Wi

0101100
+230 0 -236 0 -619 0 +430 0 *
Fa
0  1e-07 78 0

0101000
+229 0 *
Ed
 1e-07 1 1 0
1  200 0 0 2
0

0101000
+618 0 -429 0 *
Wi

0101100
+233 0 -227 0 -617 0 +428 0 *
Fa
0  1e-07 79 0

0101000
+226 0 *
Ed
 1e-07 1 1 0
1  201 0 0 2
0

0101000
+616 0 -427 0 *
Wi

0101100
+224 0 -230 0 -615 0 +426 0 *
Fa
0  1e-07 80 0

0101000
+223 0 *
Ed
 1e-07 1 1 0
1  202 0 0 2
0

0101000
+614 0 -425 0 *
Wi

0101100
+227 0 -221 0 -613 0 +424 0 *
Fa
0  1e-07 81 0

0101000
+220 0 *
Ed
 1e-07 1 1 0
1  203 0 0 2
0

0101000
+612 0 -423 0 *
Wi

0101100
+218 0 -224 0 -611 0 +422 0 *
Fa
0  1e-07 82 0

0101000
+217 0 *
Ed
 1e-07 1 1 0
1  204 0 0 2
0

0101000
+610 0 -421 0 *
Wi

0101100
+221 0 -215 0 -609 0 +420 0 *
Fa
0  1e-07 83 0

0101000
+214 0 *
Ed
 1e-07 1 1 0
1  205 0 0 2
0

0101000
+608 0 -419 0 *
Wi

0101100
+212 0 -218 0 -607 0 +418 0 *
Fa
0  1e-07 84 0

0101000
+211 0 *
Ed
 1e-07 1 1 0
1  206 0 0 2
0

0101000
+606 0 -417 0 *
Wi

0101100
+215 0 -209 0 -605 0 +416 0 *
Fa
0  1e-07 85 0

0101000
+208 0 *
Ed
 1e-07 1 1 0
1  207 0 0 2
0

0101000
+604 0 -415 0 *
Wi

0101100
+206 0 -212 0 -603 0 +414 0 *
Fa
0  1e-07 86 0

0101000
+205 0 *
Ed
 1e-07 1 1 0
1  208 0 0 2
0

0101000
+602 0 -413 0 *
Wi

0101100
+209 0 -203 0 -601 0 +412 0 *
Fa
0  1e-07 87 0

0101000
+202 0 *
Ed
 1e-07 1 1 0
1  209 0 0 2
0

0101000
+600 0 -411 0 *
Wi

0101100
+200 0 -206 0 -599 0 +410 0 *
Fa
0  1e-07 88 0

0101000
+199 0 *
Ed
 1e-07 1 1 0
1  210 0 0 2
0

0101000
+598 0 -409 0 *
Wi

0101100
+203 0 -197 0 -597 0 +408 0 *
Fa
0  1e-07 89 0

0101000
+196 0 *
Ed
 1e-07 1 1 0
1  211 0 0 2
0

0101000
+596 0 -407 0 *
Wi

0101100
+194 0 -200 0 -595 0 +406 0 *
Fa
0  1e-07 90 0

0101000
+193 0 *
Ed
 1e-07 1 1 0
1  212 0 0 2
0

0101000
+594 0 -405 0 *
Wi

0101100
+197 0 -191 0 -593 0 +404 0 *
Fa
0  1e-07 91 0

0101000
+190 0 *
Ed
 1e-07 1 1 0
1  213 0 0 2
0

0101000
+592 0 -403 0 *
Wi

0101100
+188 0 -194 0 -591 0 +402 0 *
Fa
0  1e-07 92 0

0101000
+187 0 *
Ed
 1e-07 1 1 0
1  214 0 0 2
0

0101000
+590 0 -401 0 *
Wi

0101100
+191 0 -185 0 -589 0 +400 0 *
Fa
0  1e-07 93 0

0101000
+184 0 *
Ed
 1e-07 1 1 0
1  215 0 0 2
0

0101000
+588 0 -399 0 *
Wi

0101100
+182 0 -188 0 -587 0 +398 0 *
Fa
0  1e-07 94 0

0101000
+181 0 *
Ed
 1e-07 1 1 0
1  216 0 0 2
0

0101000
+586 0 -397 0 *
Wi

0101100
+185 0 -179 0 -585 0 +396 0 *
Fa
0  1e-07 95 0

0101000
+178 0 *
Ed
 1e-07 1 1 0
1  217 0 0 2
0

0101000
+584 0 -395 0 *
Wi

0101100
+176 0 -182 0 -583 0 +394 0 *
Fa
0  1e-07 96 0

0101000
+175 0 *
Ed
 1e-07 1 1 0
1  218 0 0 2
0

0101000
+582 0 -393 0 *
Wi

0101100
+179 0 -173 0 -581 0 +392 0 *
Fa
0  1e-07 97 0

0101000
+172 0 *
Ed
 1e-07 1 1 0
1  219 0 0 2
0

0101000
+580 0 -391 0 *
Wi

0101100
+170 0 -176 0 -579 0 +390 0 *
Fa
0  1e-07 98 0

0101000
+169 0 *
Ed
 1e-07 1 1 0
1  220 0 0 2
0

0101000
+578 0 -389 0 *
Wi

0101100
+173 0 -167 0 -577 0 +388 0 *
Fa
0  1e-07 99 0

0101000
+166 0 *
Ed
 1e-07 1 1 0
1  221 0 0 2
0

0101000
+576 0 -387 0 *
Wi

0101100
+164 0 -170 0 -575 0 +386 0 *
Fa
0  1e-07 100 0

0101000
+163 0 *
Ed
 1e-07 1 1 0
1  222 0 0 2
0

0101000
+574 0 -385 0 *
Wi

0101100
+167 0 -161 0 -573 0 +384 0 *
Fa
0  1e-07 101 0

0101000
+160 0 *
Ed
 1e-07 1 1 0
1  223 0 0 2
0

0101000
+572 0 -383 0 *
Wi

0101100
+158 0 -164 0 -571 0 +382 0 *
Fa
0  1e-07 102 0

0101000
+157 0 *
Ed
 1e-07 1 1 0
1  224 0 0 2
0

0101000
+570 0 -381 0 *
Wi

0101100
+161 0 -155 0 -569 0 +380 0 *
Fa
0  1e-07 103 0

0101000
+154 0 *
Ed
 1e-07 1 1 0
1  225 0 0 2
0

0101000
+568 0 -379 0 *
Wi

0101100
+152 0 -158 0 -567 0 +378 0 *
Fa
0  1e-07 104 0

0101000
+151 0 *
Ed
 1e-07 1 1 0
1  226 0 0 2
0

0101000
+566 0 -377 0 *
Wi

0101100
+155 0 -149 0 -565 0 +376 0 *
Fa
0  1e-07 105 0

0101000
+148 0 *
Ed
 1e-07 1 1 0
1  227 0 0 2
0

0101000
+564 0 -375 0 *
Wi

0101100
+146 0 -152 0 -563 0 +374 0 *
Fa
0  1e-07 106 0

0101000
+145 0 *
Ed
 1e-07 1 1 0
1  228 0 0 2
0

0101000
+562 0 -373 0 *
Wi

0101100
+149 0 -143 0 -561 0 +372 0 *
Fa
0  1e-07 107 0

0101000
+142 0 *
Ed
 1e-07 1 1 0
1  229 0 0 2
0

0101000
+560 0 -371 0 *
Wi

0101100
+140 0 -146 0 -559 0 +370 0 *
Fa
0  1e-07 108 0

0101000
+139 0 *
Ed
 1e-07 1 1 0
1  230 0 0 2
0

0101000
+558 0 -369 0 *
Wi

0101100
+143 0 -137 0 -557 0 +368 0 *
Fa
0  1e-07 109 0

0101000
+136 0 *
Ed
 1e-07 1 1 0
1  231 0 0 2
0

0101000
+556 0 -367 0 *
Wi

0101100
+134 0 -140 0 -555 0 +366 0 *
Fa
0  1e-07 110 0

0101000
+133 0 *
Ed
 1e-07 1 1 0
1  232 0 0 2
0

0101000
+554 0 -365 0 *
Wi

0101100
+137 0 -131 0 -553 0 +364 0 *
Fa
0  1e-07 111 0

0101000
+130 0 *
Ed
 1e-07 1 1 0
1  233 0 0 2
0

0101000
+552 0 -363 0 *
Wi

0101100
+128 0 -134 0 -551 0 +362 0 *
Fa
0  1e-07 112 0

0101000
+127 0 *
Ed
 1e-07 1 1 0
1  234 0 0 2
0

0101000
+550 0 -361 0 *
Wi

0101100
+131 0 -125 0 -549 0 +360 0 *
Fa
0  1e-07 113 0

0101000
+124 0 *
Ed
 1e-07 1 1 0
1  235 0 0 2
0

0101000
+548 0 -359 0 *
Wi

0101100
+122 0 -128 0 -547 0 +358 0 *
Fa
0  1e-07 114 0

0101000
+121 0 *
Ed
 1e-07 1 1 0
1  236 0 0 2
0

0101000
+546 0 -357 0 *
Wi

0101100
+125 0 -119 0 -545 0 +356 0 *
Fa
0  1e-07 115 0

0101000
+118 0 *
Ed
 1e-07 1 1 0
1  237 0 0 2
0

0101000
+544 0 -355 0 *
Wi

0101100
+116 0 -122 0 -543 0 +354 0 *
Fa
0  1e-07 116 0

0101000
+115 0 *
Wi

0101100
+119 0 -116 0 -542 0 +353 0 *
Fa
0  1e-07 117 0

0101000
+113 0 *
Ed
 1e-07 1 1 0
1  238 0 0 2
3  327 328CN 6 0 0 2
0

0101000
+540 0 -351 0 *
Wi

0101100
+111 0 -111 0 -539 0 +350 0 *
Fa
0  1e-07 6 0

0101000
+110 0 *
Ed
 1e-07 1 1 0
1  239 0 0 2
2  329 9 0 0 2
2  330 10 0 0 2
0

0101000
+537 0 -348 0 *
Ed
 1e-07 1 1 0
1  240 0 0 2
2  331 9 0 0 2
2  332 11 0 0 2
0

0101000
+536 0 -347 0 *
Wi

0101100
+108 0 -107 0 -535 0 +346 0 *
Fa
0  1e-07 9 0

0101000
+106 0 *
Ed
 1e-07 1 1 0
1  241 0 0 2
2  333 12 0 0 2
2  334 10 0 0 2
0

0101000
+534 0 -345 0 *
Wi

0101100
+104 0 -108 0 -533 0 +344 0 *
Fa
0  1e-07 10 0

0101000
+103 0 *
Ed
 1e-07 1 1 0
1  242 0 0 2
2  335 11 0 0 2
2  336 13 0 0 2
0

0101000
+532 0 -343 0 *
Wi

0101100
+107 0 -101 0 -531 0 +342 0 *
Fa
0  1e-07 11 0

0101000
+100 0 *
Ed
 1e-07 1 1 0
1  243 0 0 2
2  337 14 0 0 2
2  338 12 0 0 2
0

0101000
+530 0 -341 0 *
Wi

0101100
+98 0 -104 0 -529 0 +340 0 *
Fa
0  1e-07 12 0

0101000
+97 0 *
Ed
 1e-07 1 1 0
1  244 0 0 2
2  339 13 0 0 2
2  340 15 0 0 2
0

0101000
+528 0 -339 0 *
Wi

0101100
+101 0 -95 0 -527 0 +338 0 *
Fa
0  1e-07 13 0

0101000
+94 0 *
Ed
 1e-07 1 1 0
1  245 0 0 2
2  341 16 0 0 2
2  342 14 0 0 2
0

0101000
+526 0 -337 0 *
Wi

0101100
+92 0 -98 0 -525 0 +336 0 *
Fa
0  1e-07 14 0

0101000
+91 0 *
Ed
 1e-07 1 1 0
1  246 0 0 2
2  343 15 0 0 2
2  344 17 0 0 2
0

0101000
+524 0 -335 0 *
Wi

0101100
+95 0 -89 0 -523 0 +334 0 *
Fa
0  1e-07 15 0

0101000
+88 0 *
Ed
 1e-07 1 1 0
1  247 0 0 2
2  345 18 0 0 2
2  346 16 0 0 2
0

0101000
+522 0 -333 0 *
Wi

0101100
+86 0 -92 0 -521 0 +332 0 *
Fa
0  1e-07 16 0

0101000
+85 0 *
Ed
 1e-07 1 1 0
1  248 0 0 2
2  347 17 0 0 2
2  348 18 0 0 2
0

0101000
+520 0 -331 0 *
Wi

0101100
+89 0 -83 0 -519 0 +330 0 *
Fa
0  1e-07 17 0

0101000
+82 0 *
Wi

0101100
+83 0 -86 0 -518 0 +329 0 *
Fa
0  1e-07 18 0

0101000
+80 0 *
Ed
 1e-07 1 1 0
1  249 0 0 2
2  349 20 0 0 2
2  350 21 0 0 2
0

0101000
+516 0 -327 0 *
Ed
 1e-07 1 1 0
1  250 0 0 2
2  351 20 0 0 2
2  352 22 0 0 2
0

0101000
+515 0 -326 0 *
Wi

0101100
+78 0 -77 0 -514 0 +325 0 *
Fa
0  1e-07 20 0

0101000
+76 0 *
Ed
 1e-07 1 1 0
1  251 0 0 2
2  353 23 0 0 2
2  354 21 0 0 2
0

0101000
+513 0 -324 0 *
Wi

0101100
+74 0 -78 0 -512 0 +323 0 *
Fa
0  1e-07 21 0

0101000
+73 0 *
Ed
 1e-07 1 1 0
1  252 0 0 2
2  355 22 0 0 2
2  356 23 0 0 2
0

0101000
+511 0 -322 0 *
Wi

0101100
+77 0 -71 0 -510 0 +321 0 *
Fa
0  1e-07 22 0

0101000
+70 0 *
Wi

0101100
+71 0 -74 0 -509 0 +320 0 *
Fa
0  1e-07 23 0

0101000
+68 0 *
Ed
 1e-07 1 1 0
1  253 0 0 2
3  357 358CN 24 0 0 2
0

0101000
+507 0 -318 0 *
Wi

0101100
+66 0 -66 0 -506 0 +317 0 *
Fa
0  1e-07 24 0

0101000
+65 0 *
Ed
 1.00000000111022e-07 1 1 0
1  254 0 0 2
2  359 26 0 0 2
4 G1 28 0 26 0
2  360 28 0 0 2
0

0101000
+504 0 -315 0 *
Ed
 1.00000000111022e-07 1 1 0
1  255 0 0 2
2  361 26 0 0 2
4 G1 29 0 26 0
2  362 29 0 0 2
0

0101000
+503 0 -314 0 *
Wi

0101100
+63 0 -62 0 -502 0 +313 0 *
Fa
0  1e-07 26 0

0101000
+61 0 *
Ed
 1.00000000111022e-07 1 1 0
1  256 0 0 2
2  363 30 0 0 2
4 G1 30 0 28 0
2  364 28 0 0 2
0

0101000
+501 0 -312 0 *
Wi

0101100
+59 0 -63 0 -500 0 +311 0 *
Fa
0  1e-07 28 0

0101000
+58 0 *
Ed
 1.00000000111022e-07 1 1 0
1  257 0 0 2
2  365 30 0 0 2
4 G1 29 0 30 0
2  366 29 0 0 2
0

0101000
+499 0 -310 0 *
Wi

0101100
+62 0 -56 0 -498 0 +309 0 *
Fa
0  1e-07 29 0

0101000
+55 0 *
Wi

0101100
+56 0 -59 0 -497 0 +308 0 *
Fa
0  1e-07 30 0

0101000
+53 0 *
Ed
 1e-07 1 1 0
1  258 0 0 2
3  367 368CN 31 0 0 2
0

0101000
+495 0 -306 0 *
Wi

0101100
+51 0 -51 0 -494 0 +305 0 *
Fa
0  1e-07 31 0

0101000
+50 0 *
Ed
 1.00000000111022e-07 1 1 0
1  259 0 0 2
2  369 33 0 0 2
4 G1 35 0 33 0
2  370 35 0 0 2
0

0101000
+492 0 -303 0 *
Ed
 1.00000000111022e-07 1 1 0
1  260 0 0 2
2  371 33 0 0 2
4 G1 36 0 33 0
2  372 36 0 0 2
0

0101000
+491 0 -302 0 *
Wi

0101100
+48 0 -47 0 -490 0 +301 0 *
Fa
0  1e-07 33 0

0101000
+46 0 *
Ed
 1.00000000111022e-07 1 1 0
1  261 0 0 2
2  373 37 0 0 2
4 G1 37 0 35 0
2  374 35 0 0 2
0

0101000
+489 0 -300 0 *
Wi

0101100
+44 0 -48 0 -488 0 +299 0 *
Fa
0  1e-07 35 0

0101000
+43 0 *
Ed
 1.00000000111022e-07 1 1 0
1  262 0 0 2
2  375 37 0 0 2
4 G1 36 0 37 0
2  376 36 0 0 2
0

0101000
+487 0 -298 0 *
Wi

0101100
+47 0 -41 0 -486 0 +297 0 *
Fa
0  1e-07 36 0

0101000
+40 0 *
Wi

0101100
+41 0 -44 0 -485 0 +296 0 *
Fa
0  1e-07 37 0

0101000
+38 0 *
Ed
 1.00000000111022e-07 1 1 0
1  263 0 0 2
2  377 38 0 0 2
4 G1 40 0 38 0
2  378 40 0 0 2
0

0101000
+483 0 -294 0 *
Ed
 1.00000000111022e-07 1 1 0
1  264 0 0 2
2  379 38 0 0 2
4 G1 41 0 38 0
2  380 41 0 0 2
0

0101000
+482 0 -293 0 *
Wi

0101100
+36 0 -35 0 -481 0 +292 0 *
Fa
0  1e-07 38 0

0101000
+34 0 *
Ed
 1.00000000111022e-07 1 1 0
1  265 0 0 2
2  381 42 0 0 2
4 G1 42 0 40 0
2  382 40 0 0 2
0

0101000
+480 0 -291 0 *
Wi

0101100
+32 0 -36 0 -479 0 +290 0 *
Fa
0  1e-07 40 0

0101000
+31 0 *
Ed
 1.00000000111022e-07 1 1 0
1  266 0 0 2
2  383 42 0 0 2
4 G1 41 0 42 0
2  384 41 0 0 2
0

0101000
+478 0 -289 0 *
Wi

0101100
+35 0 -29 0 -477 0 +288 0 *
Fa
0  1e-07 41 0

0101000
+28 0 *
Wi

0101100
+29 0 -32 0 -476 0 +287 0 *
Fa
0  1e-07 42 0

0101000
+26 0 *
Ed
 1e-07 1 1 0
1  267 0 0 2
3  385 386CN 43 0 0 2
0

0101000
+474 0 -285 0 *
Wi

0101100
+24 0 -24 0 -473 0 +284 0 *
Fa
0  1e-07 43 0

0101000
+23 0 *
Ed
 1e-07 1 1 0
1  268 0 0 2
3  387 388CN 45 0 0 2
0

0101000
+471 0 -282 0 *
Wi

0101100
+21 0 -21 0 -470 0 +281 0 *
Fa
0  1e-07 45 0

0101000
+20 0 *
Ed
 1e-07 1 1 0
1  269 0 0 2
2  389 47 0 0 2
4 G1 49 0 47 0
2  390 49 0 0 2
0

0101000
+468 0 -279 0 *
Ed
 1e-07 1 1 0
1  270 0 0 2
2  391 47 0 0 2
4 G1 50 0 47 0
2  392 50 0 0 2
0

0101000
+467 0 -278 0 *
Wi

0101100
+18 0 -17 0 -466 0 +277 0 *
Fa
0  1e-07 47 0

0101000
+16 0 *
Ed
 1e-07 1 1 0
1  271 0 0 2
2  393 51 0 0 2
4 G1 51 0 49 0
2  394 49 0 0 2
0

0101000
+465 0 -276 0 *
Wi

0101100
+14 0 -18 0 -464 0 +275 0 *
Fa
0  1e-07 49 0

0101000
+13 0 *
Ed
 1e-07 1 1 0
1  272 0 0 2
2  395 51 0 0 2
4 G1 50 0 51 0
2  396 50 0 0 2
0

0101000
+463 0 -274 0 *
Wi

0101100
+17 0 -11 0 -462 0 +273 0 *
Fa
0  1e-07 50 0

0101000
+10 0 *
Wi

0101100
+11 0 -14 0 -461 0 +272 0 *
Fa
0  1e-07 51 0

0101000
+8 0 *
Ed
 1e-07 1 1 0
1  273 0 0 2
3  397 398CN 52 0 0 2
0

0101000
+459 0 -270 0 *
Wi

0101100
+6 0 -6 0 -458 0 +269 0 *
Fa
0  1e-07 52 0

0101000
+5 0 *
Sh

0101100
-659 0 -652 0 -645 0 -456 0 +267 0 -264 0 -261 0 -258 0 -255 0 -252 0 
-249 0 -246 0 -243 0 -240 0 -237 0 -234 0 -231 0 -228 0 -225 0 -222 0 
-219 0 -216 0 -213 0 -210 0 -207 0 -204 0 -201 0 -198 0 -195 0 -192 0 
-189 0 -186 0 -183 0 -180 0 -177 0 -174 0 -171 0 -168 0 -165 0 -162 0 
-159 0 -156 0 -153 0 -150 0 -147 0 -144 0 -141 0 -138 0 -135 0 -132 0 
-129 0 -126 0 -123 0 -120 0 -117 0 -114 0 -112 0 +109 0 +105 0 +102 0 
+99 0 +96 0 +93 0 +90 0 +87 0 +84 0 +81 0 +79 0 +75 0 +72 0 
+69 0 +67 0 +64 0 -60 0 -57 0 -54 0 -52 0 +49 0 -45 0 -42 0 
-39 0 -37 0 -33 0 -30 0 -27 0 -25 0 +22 0 +19 0 -15 0 -12 0 
-9 0 -7 0 +4 0 *
So

0100000
+3 0 *
Co

1100000
+2 0 *

+1 0 