DBRep_DrawableShape

CASCADE Topology V3, (c) Open Cascade
Locations 0
Curve2ds 967
1 13.5 -30.428571428571427 0 1 
1 0 -2 1 0 
1 64 0 0 -1 
1 0 0 0 -1 
1 -88.104915746493006 -38.047920703871789 1 0 
1 0 0 1 0 
1 -22.340892535661283 -38.047920703871789 0.6707066844544044 0.7417226863378118 
1 0 0 1 0 
1 -5.8998867329533482 -19.866102522053605 1 0 
1 0 0 1 0 
1 0 0 0 -1 
1 21 0 0 -1 
1 10.5 -19.5 0 1 
1 0 -2 1 0 
1 27.368972067820337 -19.866102522053605 0.95577900872195021 -0.2940858488375227 
1 0 0 1 0 
1 37.426999147124022 -22.960880084916273 0.080545529744892458 -0.99675093059305175 
1 38.974387928555345 -42.10981625512904 0.47885213068057536 -0.87789557291438325 
1 41.295471100702358 -46.365135404065207 0.88583153528015424 -0.46400699467056 
1 45.357366651959595 -48.492794978533297 0.94449679670615927 0.32852062494127265 
1 49.806109398574691 -46.94540619710196 0.68394112888132907 0.72953720414008583 
1 52.707463363758436 -43.850628634239293 -0.012985917914453218 0.99991567941297888 
1 52.514039766079534 -28.957011612962695 -0.31622776601683872 0.94868329805051366 
1 51.160074582327113 -24.895116061705441 0.44721359549995771 0.89442719099991608 
1 53.287734156795196 -20.63979691276927 1 0 
1 0 0 1 0 
1 -12 30 0 -1 
1 0 0 1 0 
1 0 0 0 -1 
1 24 0 0 -1 
1 -12 30 0 -1 
1 0 -2 1 0 
1 60 0 0 -1 
1 0 0 0 -1 
1 85.589474969174304 16.110686646224927 -0.67572462851734594 0.73715414020074177 
1 0 0 1 0 
1 83.461815394706221 18.431769818371929 -1 0 
1 53.481157754474125 18.431769818371929 -0.70710678118654913 0.70710678118654591 
1 51.160074582327113 20.752852990518932 0.061611125312097281 0.99810023005596848 
1 52.127192570721704 36.42016440251119 0.33633639699815387 0.94174191159483833 
1 54.061428547510857 41.836025137520863 -0.48564293117862906 0.87415727612153948 
1 52.127192570721704 45.317649895741368 -0.90373783889353931 0.42808634473904345 
1 48.452144214822269 47.058462274851621 -0.96351790962994066 -0.26764386378609439 
1 44.970519456601764 46.091344286457037 -0.78935221737632644 -0.61394061351492035 
1 41.488894698381259 43.383413918952201 -0.36244626115494255 -0.93200467154129829 
1 40.134929514628865 39.901789160731695 -0.12687335081280149 -0.99191892453644204 
1 38.007269940160768 23.267359760344849 -0.68394112888133052 -0.72953720414008461 
1 35.105915974977009 20.172582197482178 -1 0 
1 -5.1261923422376867 20.172582197482178 -0.65014606097499394 0.75980925198282467 
1 0 0 1 0 
1 -21.180350949587776 38.934671172337111 -0.99996241315872225 0.0086701943337461878 
1 0 0 1 0 
2 0.096711798839464791 -5.705996131528039 -0.99985639405397353 -0.016946718543286336 0.016946718543286336 -0.99985639405397353 1.4999999999999929
2 43.423130675170412 24.621324944097267 0.99985639405397353 -0.016946718543286336 -0.016946718543286336 -0.99985639405397353 1.4999999999999929
1 1.5964963899204179 -5.6805760537131107 -0.016946718543286336 0.99985639405397353 
1 0 0 1 0 
1 41.923346084089459 24.646745021912196 0.016946718543286336 0.99985639405397353 
1 0 0 1 0 
2 -0.096711798839464791 5.7059961315280532 0.99985639405397353 0.016946718543286336 -0.016946718543286336 0.99985639405397353 1.4999999999999929
2 43.616554272849342 36.03331720715336 -0.99985639405397353 0.016946718543286336 0.016946718543286336 0.99985639405397353 1.4999999999999929
1 -1.5964963899204179 5.6805760537131249 0.016946718543286336 -0.99985639405397353 
1 0 0 1 0 
1 45.116338863930295 36.007897129338431 -0.016946718543286336 -0.99985639405397353 
1 0 0 1 0 
2 2.8421709430404007e-14 7.1054273576010019e-15 1 0 -0 1 1.5
2 47.678449824106607 40.482059953768449 1 0 -0 1 1.5
1 0 0 1 0 
2 0 0 1 0 -0 1 1.5
2 -74.178416713611 -23.927998073310857 1 0 -0 1 1.5
1 0 0 1 0 
2 1.4210854715202004e-14 0 1 0 -0 1 1.5
2 -16.151337409935948 -24.50826886634761 1 0 -0 1 1.5
1 0 0 1 0 
2 4.8355899419729269 0 0 -1 1 0 0.75
2 -21.180350949587776 -11.742311419539098 0 -1 -1 -0 0.75
1 4.8355899419729269 0.75 -1 0 
1 0 0 1 0 
1 -21.180350949587776 -10.992311419539098 1 0 
1 0 0 1 0 
2 -4.8355899419729269 0 0 1 -1 0 0.75
2 -11.509171065641922 -11.742311419539098 0 1 1 -0 0.75
1 -4.8355899419729269 -0.75 1 0 
1 0 -0 1 0 
1 -11.509171065641922 -12.492311419539098 -1 0 
1 0 0 1 0 
2 0 0 1 0 -0 1 1.5
2 3.1910223579557311 -10.001499040428845 1 0 -0 1 1.5
1 0 0 1 0 
2 0 5.5125725338491343 1 -1.1102230246251565e-16 1.1102230246251565e-16 1 1.5
2 43.03628347981261 -26.442504843136774 -1 -1.1102230246251565e-16 -1.1102230246251565e-16 1 1.5
1 -1.5 5.5125725338491343 -1.1102230246251565e-16 -1 
1 0 0 1 0 
1 44.53628347981261 -26.442504843136774 1.1102230246251565e-16 -1 
1 0 0 1 0 
2 0 -5.5125725338491272 -1 1.1102230246251565e-16 -1.1102230246251565e-16 -1 1.5
2 43.03628347981261 -37.467649910835036 1 1.1102230246251565e-16 1.1102230246251565e-16 -1 1.5
1 1.5 -5.5125725338491272 1.1102230246251565e-16 1 
1 0 0 1 0 
1 41.53628347981261 -37.467649910835036 -1.1102230246251565e-16 1 
1 0 0 1 0 
2 0 -7.1054273576010019e-15 1 0 -0 1 1.5
2 46.324484640354186 -41.916392657450125 1 0 -0 1 1.5
1 0 0 1 0 
2 4.545454545454561 1.7763568394002505e-15 0 -1 1 0 0.75
2 13.635896632617246 -12.322582212575847 0 -1 -1 -0 0.75
1 4.545454545454561 0.75000000000000178 -1 0 
1 0 0 1 0 
1 13.635896632617246 -11.572582212575847 1 0 
1 0 0 1 0 
2 -4.5454545454545325 1.7763568394002505e-15 0 1 -1 0 0.75
2 22.72680572352634 -12.322582212575847 0 1 1 -0 0.75
1 -4.5454545454545325 -0.74999999999999822 1 0 
1 0 -0 1 0 
1 22.72680572352634 -13.072582212575847 -1 0 
1 0 0 1 0 
2 4.545454545454561 2.4473854250253945e-18 0 -1 1 0 0.75
2 13.635896632617246 -0.71716635184083721 0 -1 -1 -0 0.75
1 4.545454545454561 0.75 -1 0 
1 0 0 1 0 
1 13.635896632617246 0.032833648159162787 1 0 
1 0 0 1 0 
2 -4.5454545454545325 2.4473854250253945e-18 0 1 -1 0 0.75
2 22.72680572352634 -0.71716635184083721 0 1 1 -0 0.75
1 -4.5454545454545325 -0.75 1 0 
1 0 -0 1 0 
1 22.72680572352634 -1.4671663518408371 -1 0 
1 0 0 1 0 
2 -1.4210854715202004e-14 6.7698259187620895 1 -1.1102230246251565e-16 1.1102230246251565e-16 1 3
2 36.0730339633716 5.4723887738845027 -1 -1.1102230246251565e-16 -1.1102230246251565e-16 1 3
1 -3.0000000000000142 6.7698259187620895 -1.1102230246251565e-16 -1 
1 0 0 1 0 
1 39.0730339633716 5.4723887738845027 1.1102230246251565e-16 -1 
1 0 0 1 0 
2 -1.4210854715202004e-14 -6.7698259187620895 -1 1.1102230246251565e-16 -1.1102230246251565e-16 -1 3
2 36.0730339633716 -8.0672630636396772 1 1.1102230246251565e-16 1.1102230246251565e-16 -1 3
1 2.9999999999999858 -6.7698259187620895 1.1102230246251565e-16 1 
1 0 0 1 0 
1 33.0730339633716 -8.0672630636396772 -1.1102230246251565e-16 1 
1 0 0 1 0 
2 2.8421709430404007e-14 -1.7763568394002505e-15 1 0 -0 1 1.75
2 68.761621971108539 -15.804206970796351 1 0 -0 1 1.75
1 0 0 1 0 
2 0 0 1 0 -0 1 0.69999999999998863
2 78.819649050412224 -14.0633945916861 1 0 -0 1 0.69999999999998863
1 0 0 1 0 
2 0 -1.7763568394002505e-15 1 0 -0 1 0.69999999999998863
2 78.819649050412224 -11.935735017218015 1 0 -0 1 0.69999999999998863
1 0 0 1 0 
2 0 0 1 0 -0 1 1.25
2 46.904755433390946 -9.2278046497131783 1 0 -0 1 1.25
1 0 0 1 0 
2 0 -1.7763568394002505e-15 1 0 -0 1 0.69999999999998863
2 78.819649050412224 -10.001499040428845 1 0 -0 1 0.69999999999998863
1 0 0 1 0 
2 -2.8421709430404007e-14 -1.6653345369377348e-16 1 0 -0 1 4
2 79.206496245770055 -1.104013547198671 1 0 -0 1 4
1 4.5454545454545539 -7.9303675048355897 0 1 
1 0 0 1 0 
1 -50.387314199104225 -7.6804158682818429 0 1 
1 4.5454545454545539 7.9303675048355906 -1 0 
1 0 0 1 0 
1 -50.387314199104225 8.1803191413893366 1 0 
1 -4.5454545454545396 7.9303675048355906 0 -1 
1 0 0 1 0 
1 -41.296405108195131 8.1803191413893366 0 -1 
1 -4.5454545454545396 -7.9303675048355897 1 0 
1 0 -0 1 0 
1 -41.296405108195131 -7.6804158682818429 -1 0 
1 0 0 1 0 
2 4.8355899419729269 0 0 -1 1 0 0.75
2 -21.180350949587776 -0.13689555880408677 0 -1 -1 -0 0.75
1 4.8355899419729269 0.75000000000000011 -1 0 
1 0 0 1 0 
1 -21.180350949587776 0.61310444119591334 1 0 
1 0 0 1 0 
2 -4.8355899419729269 0 0 1 -1 0 0.75000000000000011
2 -11.509171065641922 -0.13689555880408677 0 1 1 -0 0.75000000000000011
1 -4.8355899419729269 -0.75 1 0 
1 0 -0 1 0 
1 -11.509171065641922 -0.88689555880408677 -1 0 
1 0 0 1 0 
2 1.4210854715202004e-14 0 1 0 -0 1 1.5
2 3.3844459556346607 9.5342843251417548 1 0 -0 1 1.5
1 0 0 1 0 
2 4.8355899419729269 0 0 -1 1 0 0.75
2 -21.180350949587776 11.66194389960984 0 -1 -1 -0 0.75
1 4.8355899419729269 0.75 -1 0 
1 0 0 1 0 
1 -21.180350949587776 12.41194389960984 1 0 
1 0 0 1 0 
2 -4.8355899419729269 0 0 1 -1 0 0.75
2 -11.509171065641922 11.66194389960984 0 1 1 -0 0.75
1 -4.8355899419729269 -0.75 1 0 
1 0 -0 1 0 
1 -11.509171065641922 10.91194389960984 -1 0 
1 0 0 1 0 
2 0 3.5527136788005009e-15 1 0 -0 1 1.5
2 -74.178416713611 25.781866530170767 1 0 -0 1 1.5
1 0 0 1 0 
2 0 0 1 0 -0 1 1.5
2 -15.764490214578117 24.427901346418349 1 0 -0 1 1.5
1 0 0 1 0 
2 4.545454545454561 0 0 -1 1 0 0.75
2 13.635896632617246 11.081673106573088 0 -1 -1 -0 0.75
1 4.545454545454561 0.75 -1 0 
1 0 0 1 0 
1 13.635896632617246 11.831673106573088 1 0 
1 0 0 1 0 
2 -4.5454545454545325 0 0 1 -1 0 0.75
2 22.72680572352634 11.081673106573088 0 1 1 -0 0.75
1 -4.5454545454545325 -0.75 1 0 
1 0 -0 1 0 
1 22.72680572352634 10.331673106573088 -1 0 
1 5.9961315280464191 -11.411992263056092 0 1 
1 0 0 1 0 
1 41.102047503023428 -7.1001450752450923 0 1 
1 5.9961315280464191 11.411992263056092 -1 0 
1 0 0 1 0 
1 41.102047503023428 15.723839450867093 1 0 
1 -5.9961315280464191 11.411992263056092 0 -1 
1 0 0 1 0 
1 53.094310559116266 15.723839450867093 0 -1 
1 -5.9961315280464191 -11.411992263056092 1 0 
1 0 -0 1 0 
1 53.094310559116266 -7.1001450752450923 -1 0 
1 0 0 1 0 
2 0 -8.8817841970012523e-16 1 0 -0 1 0.69999999999998863
2 79.399919843448956 6.6329303599580021 1 0 -0 1 0.69999999999998863
1 0 0 1 0 
2 0 -1.7763568394002505e-15 1 0 -0 1 0.69999999999998863
2 79.399919843448956 8.9540135321050034 1 0 -0 1 0.69999999999998863
1 0 0 1 0 
2 0 0 1 0 -0 1 1.25
2 47.291602628748777 18.431769818371929 1 0 -0 1 1.25
1 0 0 1 0 
2 0 -1.7763568394002505e-15 1 0 -0 1 1.75
2 69.3418927641453 13.596179876399008 1 0 -0 1 1.75
1 0 0 1 0 
2 0 1.7763568394002505e-15 1 0 -0 1 0.69999999999998863
2 79.399919843448956 11.275096704252006 1 0 -0 1 0.69999999999998863
1 0 0 1 0 
2 0 -1.7763568394002505e-15 1 0 -0 1 0.69999999999998863
2 79.399919843448956 13.402756278720091 1 0 -0 1 0.69999999999998863
1 0 0 0 -1 
1 6.2831853071795862 0 0 -1 
1 0 -2 1 0 
2 0 -1.7763568394002505e-15 1 0 -0 1 0.69999999999998863
2 79.399919843448956 13.402756278720091 1 0 -0 1 0.69999999999998863
1 38.007269940160768 23.267359760344849 -0.68394112888133052 -0.72953720414008461 
1 40.134929514628865 39.901789160731695 -0.12687335081280149 -0.99191892453644204 
1 41.488894698381259 43.383413918952201 -0.36244626115494255 -0.93200467154129829 
1 44.970519456601764 46.091344286457037 -0.78935221737632644 -0.61394061351492035 
1 48.452144214822269 47.058462274851621 -0.96351790962994066 -0.26764386378609439 
1 52.127192570721704 45.317649895741368 -0.90373783889353931 0.42808634473904345 
1 54.061428547510857 41.836025137520863 -0.48564293117862906 0.87415727612153948 
1 52.127192570721704 36.42016440251119 0.33633639699815387 0.94174191159483833 
1 51.160074582327113 20.752852990518932 0.061611125312097281 0.99810023005596848 
1 53.481157754474125 18.431769818371929 -0.70710678118654913 0.70710678118654591 
1 83.461815394706221 18.431769818371929 -1 0 
1 85.589474969174304 16.110686646224927 -0.67572462851734594 0.73715414020074177 
1 0 -2 1 0 
8 -30.358583175920419 29.641416824079581
1 83.895084253506994 -0.35858317592041861 0 1 
8 -30.358583175920419 29.641416824079581
1 -10 -0.35858317592041861 0 -1 
8 -2.0000005999999928 5.9999999280080374e-07
1 83.895084253506994 4.1842214670251598 -1 0 
8 -2.0000005999999928 5.9999999280080374e-07
1 2.6004931276326477 0 0 1 
1 85.589474969174304 -18.705560935980102 0 1 
1 0 -2 1 0 
8 -2.0000005999999928 5.9999999280080374e-07
1 83.895084253506994 -5.6185541707068341 -1 0 
8 -2.0000005999999928 5.9999999280080374e-07
1 0.54109952595714561 0 0 1 
1 53.287734156795196 -20.63979691276927 1 0 
1 0 -2 1 0 
1 51.160074582327113 -24.895116061705441 0.44721359549995771 0.89442719099991608 
1 52.514039766079534 -28.957011612962695 -0.31622776601683872 0.94868329805051366 
1 52.707463363758436 -43.850628634239293 -0.012985917914453218 0.99991567941297888 
1 49.806109398574691 -46.94540619710196 0.68394112888132907 0.72953720414008583 
1 45.357366651959595 -48.492794978533297 0.94449679670615927 0.32852062494127265 
1 41.295471100702358 -46.365135404065207 0.88583153528015424 -0.46400699467056 
1 38.974387928555345 -42.10981625512904 0.47885213068057536 -0.87789557291438325 
1 37.426999147124022 -22.960880084916273 0.080545529744892458 -0.99675093059305175 
1 27.368972067820337 -19.866102522053605 0.95577900872195021 -0.2940858488375227 
1 0 -2 1 0 
8 -12.30245787324651 26.69754212675349
1 7.197542126753504 -20.717166351840838 1 0 
8 -12.30245787324651 26.69754212675349
1 8.5 -7.1975421267534898 0 1 
8 9.358583175920419 11.358583175920419
1 33.895084253506994 -9.358583175920419 0 -1 
8 9.358583175920419 11.358583175920419
1 2 9.358583175920419 0 -1 
8 -12.30245787324651 26.69754212675349
1 7.197542126753504 -18.717166351840838 1 0 
8 -12.30245787324651 26.69754212675349
1 8.5 -7.1975421267534898 0 1 
8 -11.358583175920419 -9.358583175920419
1 -5.1049157464930062 -9.358583175920419 0 1 
8 -11.358583175920419 -9.358583175920419
1 19 9.358583175920419 0 1 
1 -5.8998867329533482 -19.866102522053605 1 0 
1 0 -2 1 0 
1 -22.340892535661283 -38.047920703871789 0.6707066844544044 0.7417226863378118 
1 0 -2 1 0 
1 -88.104915746493006 -38.047920703871789 1 0 
1 0 -2 1 0 
8 18.608583175920419 20.608583175920419
1 -24.104915746493006 -18.608583175920419 0 -1 
8 18.608583175920419 20.608583175920419
1 2 18.608583175920419 0 -1 
8 -59.266743587532218 4.7332564124677781
1 -28.838172158960788 -37.217166351840838 1 0 
8 -59.266743587532218 4.7332564124677781
1 11.5 28.838172158960791 0 1 
1 -88.104915746493006 39.514941965373865 0 -1 
1 0 -2 1 0 
8 42.052457873246503 44.052457873246503
1 -44.052457873246503 -16.717166351840838 -1 0 
8 42.052457873246503 44.052457873246503
1 22 -44.052457873246503 -0 1 
8 -16.358583175920419 15.641416824079581
1 -86.104915746493006 -0.35858317592041861 0 1 
8 -16.358583175920419 15.641416824079581
1 -10 -0.35858317592041861 0 -1 
8 -44.052457873246503 -42.052457873246503
1 -44.052457873246503 15.282833648159162 1 0 
8 -44.052457873246503 -42.052457873246503
1 2 -44.052457873246503 0 -1 
8 -59.266743587532218 4.7332564124677781
1 -28.838172158960788 35.282833648159162 1 0 
8 -59.266743587532218 4.7332564124677781
1 11.5 28.838172158960791 0 1 
8 -18.641416824079581 -16.641416824079581
1 -24.104915746493006 18.641416824079581 0 -1 
8 -18.641416824079581 -16.641416824079581
1 2 -18.641416824079581 0 -1 
8 -59.266743587532218 4.7332564124677781
1 -28.838172158960788 37.282833648159162 1 0 
8 -59.266743587532218 4.7332564124677781
1 11.5 28.838172158960791 0 1 
1 -21.180350949587776 38.934671172337111 -0.99996241315872225 0.0086701943337461878 
1 -5.1261923422376867 20.172582197482178 -0.65014606097499394 0.75980925198282467 
1 0 -2 1 0 
1 35.105915974977009 20.172582197482178 -1 0 
1 0 -2 1 0 
2 0 0 1 0 -0 1 1.5
2 -74.178416713611 -23.927998073310857 1 0 -0 1 1.5
1 0 -2 1 0 
2 1.4210854715202004e-14 0 1 0 -0 1 1.5
2 -16.151337409935948 -24.50826886634761 1 0 -0 1 1.5
1 0 -2 1 0 
2 4.8355899419729269 0 0 -1 1 0 0.75
2 -21.180350949587776 -11.742311419539098 0 -1 -1 -0 0.75
1 -4.8355899419729269 -0.75 1 0 
1 0 -2 1 0 
1 -11.509171065641922 -12.492311419539098 -1 0 
1 4.8355899419729269 0.75 -1 0 
1 0 -2 1 0 
1 -21.180350949587776 -10.992311419539098 1 0 
1 0 -2 1 0 
2 -4.8355899419729269 0 0 1 -1 0 0.75
2 -11.509171065641922 -11.742311419539098 0 1 1 -0 0.75
1 0 -2 1 0 
2 0 0 1 0 -0 1 1.5
2 3.1910223579557311 -10.001499040428845 1 0 -0 1 1.5
1 0 -2 1 0 
2 0 5.5125725338491343 1 -1.1102230246251565e-16 1.1102230246251565e-16 1 1.5
2 43.03628347981261 -26.442504843136774 -1 -1.1102230246251565e-16 -1.1102230246251565e-16 1 1.5
1 1.5 -5.5125725338491272 1.1102230246251565e-16 1 
1 0 -2 1 0 
1 41.53628347981261 -37.467649910835036 -1.1102230246251565e-16 1 
1 -1.5 5.5125725338491343 -1.1102230246251565e-16 -1 
1 0 -2 1 0 
1 44.53628347981261 -26.442504843136774 1.1102230246251565e-16 -1 
1 0 -2 1 0 
2 0 -5.5125725338491272 -1 1.1102230246251565e-16 -1.1102230246251565e-16 -1 1.5
2 43.03628347981261 -37.467649910835036 1 1.1102230246251565e-16 1.1102230246251565e-16 -1 1.5
1 0 -2 1 0 
2 0 -7.1054273576010019e-15 1 0 -0 1 1.5
2 46.324484640354186 -41.916392657450125 1 0 -0 1 1.5
1 0 -2 1 0 
2 4.545454545454561 1.7763568394002505e-15 0 -1 1 0 0.75
2 13.635896632617246 -12.322582212575847 0 -1 -1 -0 0.75
1 -4.5454545454545325 -0.74999999999999822 1 0 
1 0 -2 1 0 
1 22.72680572352634 -13.072582212575847 -1 0 
1 4.545454545454561 0.75000000000000178 -1 0 
1 0 -2 1 0 
1 13.635896632617246 -11.572582212575847 1 0 
1 0 -2 1 0 
2 -4.5454545454545325 1.7763568394002505e-15 0 1 -1 0 0.75
2 22.72680572352634 -12.322582212575847 0 1 1 -0 0.75
1 0 -2 1 0 
2 4.545454545454561 2.4473854250253945e-18 0 -1 1 0 0.75
2 13.635896632617246 -0.71716635184083721 0 -1 -1 -0 0.75
1 -4.5454545454545325 -0.75 1 0 
1 0 -2 1 0 
1 22.72680572352634 -1.4671663518408371 -1 0 
1 4.545454545454561 0.75 -1 0 
1 0 -2 1 0 
1 13.635896632617246 0.032833648159162787 1 0 
1 0 -2 1 0 
2 -4.5454545454545325 2.4473854250253945e-18 0 1 -1 0 0.75
2 22.72680572352634 -0.71716635184083721 0 1 1 -0 0.75
1 0 -2 1 0 
2 -1.4210854715202004e-14 6.7698259187620895 1 -1.1102230246251565e-16 1.1102230246251565e-16 1 3
2 36.0730339633716 5.4723887738845027 -1 -1.1102230246251565e-16 -1.1102230246251565e-16 1 3
1 2.9999999999999858 -6.7698259187620895 1.1102230246251565e-16 1 
1 0 -2 1 0 
1 33.0730339633716 -8.0672630636396772 -1.1102230246251565e-16 1 
1 -3.0000000000000142 6.7698259187620895 -1.1102230246251565e-16 -1 
1 0 -2 1 0 
1 39.0730339633716 5.4723887738845027 1.1102230246251565e-16 -1 
1 0 -2 1 0 
2 -1.4210854715202004e-14 -6.7698259187620895 -1 1.1102230246251565e-16 -1.1102230246251565e-16 -1 3
2 36.0730339633716 -8.0672630636396772 1 1.1102230246251565e-16 1.1102230246251565e-16 -1 3
1 0 -2 1 0 
2 2.8421709430404007e-14 -1.7763568394002505e-15 1 0 -0 1 1.75
2 68.761621971108539 -15.804206970796351 1 0 -0 1 1.75
1 0 -2 1 0 
2 0 0 1 0 -0 1 0.69999999999998863
2 78.819649050412224 -14.0633945916861 1 0 -0 1 0.69999999999998863
1 0 -2 1 0 
2 0 -1.7763568394002505e-15 1 0 -0 1 0.69999999999998863
2 78.819649050412224 -11.935735017218015 1 0 -0 1 0.69999999999998863
1 0 -2 1 0 
2 0 0 1 0 -0 1 1.25
2 46.904755433390946 -9.2278046497131783 1 0 -0 1 1.25
1 0 -2 1 0 
2 0 -1.7763568394002505e-15 1 0 -0 1 0.69999999999998863
2 78.819649050412224 -10.001499040428845 1 0 -0 1 0.69999999999998863
1 0 -2 1 0 
2 -2.8421709430404007e-14 -1.6653345369377348e-16 1 0 -0 1 4
2 79.206496245770055 -1.104013547198671 1 0 -0 1 4
1 4.5454545454545539 -7.9303675048355897 0 1 
1 0 -2 1 0 
1 -50.387314199104225 -7.6804158682818429 0 1 
1 -4.5454545454545396 -7.9303675048355897 1 0 
1 0 -2 1 0 
1 -41.296405108195131 -7.6804158682818429 -1 0 
1 4.5454545454545539 7.9303675048355906 -1 0 
1 0 -2 1 0 
1 -50.387314199104225 8.1803191413893366 1 0 
1 -4.5454545454545396 7.9303675048355906 0 -1 
1 0 -2 1 0 
1 -41.296405108195131 8.1803191413893366 0 -1 
1 0 -2 1 0 
2 4.8355899419729269 0 0 -1 1 0 0.75
2 -21.180350949587776 -0.13689555880408677 0 -1 -1 -0 0.75
1 -4.8355899419729269 -0.75 1 0 
1 0 -2 1 0 
1 -11.509171065641922 -0.88689555880408677 -1 0 
1 4.8355899419729269 0.75000000000000011 -1 0 
1 0 -2 1 0 
1 -21.180350949587776 0.61310444119591334 1 0 
1 0 -2 1 0 
2 -4.8355899419729269 0 0 1 -1 0 0.75000000000000011
2 -11.509171065641922 -0.13689555880408677 0 1 1 -0 0.75000000000000011
1 0 -2 1 0 
2 1.4210854715202004e-14 0 1 0 -0 1 1.5
2 3.3844459556346607 9.5342843251417548 1 0 -0 1 1.5
1 0 -2 1 0 
2 4.8355899419729269 0 0 -1 1 0 0.75
2 -21.180350949587776 11.66194389960984 0 -1 -1 -0 0.75
1 -4.8355899419729269 -0.75 1 0 
1 0 -2 1 0 
1 -11.509171065641922 10.91194389960984 -1 0 
1 4.8355899419729269 0.75 -1 0 
1 0 -2 1 0 
1 -21.180350949587776 12.41194389960984 1 0 
1 0 -2 1 0 
2 -4.8355899419729269 0 0 1 -1 0 0.75
2 -11.509171065641922 11.66194389960984 0 1 1 -0 0.75
1 0 -2 1 0 
2 0 3.5527136788005009e-15 1 0 -0 1 1.5
2 -74.178416713611 25.781866530170767 1 0 -0 1 1.5
1 0 -2 1 0 
2 0 0 1 0 -0 1 1.5
2 -15.764490214578117 24.427901346418349 1 0 -0 1 1.5
1 0 -2 1 0 
2 4.545454545454561 0 0 -1 1 0 0.75
2 13.635896632617246 11.081673106573088 0 -1 -1 -0 0.75
1 -4.5454545454545325 -0.75 1 0 
1 0 -2 1 0 
1 22.72680572352634 10.331673106573088 -1 0 
1 4.545454545454561 0.75 -1 0 
1 0 -2 1 0 
1 13.635896632617246 11.831673106573088 1 0 
1 0 -2 1 0 
2 -4.5454545454545325 0 0 1 -1 0 0.75
2 22.72680572352634 11.081673106573088 0 1 1 -0 0.75
8 -12.30245787324651 26.69754212675349
1 7.197542126753504 16.282833648159162 1 0 
8 -12.30245787324651 26.69754212675349
1 8.5 -7.1975421267534898 0 1 
8 7.141416824079581 9.141416824079581
1 -5.1049157464930062 9.141416824079581 0 1 
8 7.141416824079581 9.141416824079581
1 19 -9.141416824079581 0 1 
8 -9.141416824079581 -7.141416824079581
1 33.895084253506994 9.141416824079581 0 -1 
8 -9.141416824079581 -7.141416824079581
1 2 -9.141416824079581 0 -1 
8 -12.30245787324651 26.69754212675349
1 7.197542126753504 18.282833648159162 1 0 
8 -12.30245787324651 26.69754212675349
1 8.5 -7.1975421267534898 0 1 
1 5.9961315280464191 -11.411992263056092 0 1 
1 0 -2 1 0 
1 41.102047503023428 -7.1001450752450923 0 1 
1 -5.9961315280464191 -11.411992263056092 1 0 
1 0 -2 1 0 
1 53.094310559116266 -7.1001450752450923 -1 0 
1 5.9961315280464191 11.411992263056092 -1 0 
1 0 -2 1 0 
1 41.102047503023428 15.723839450867093 1 0 
1 -5.9961315280464191 11.411992263056092 0 -1 
1 0 -2 1 0 
1 53.094310559116266 15.723839450867093 0 -1 
1 0 -2 1 0 
2 0 -8.8817841970012523e-16 1 0 -0 1 0.69999999999998863
2 79.399919843448956 6.6329303599580021 1 0 -0 1 0.69999999999998863
1 0 -2 1 0 
2 0 -1.7763568394002505e-15 1 0 -0 1 0.69999999999998863
2 79.399919843448956 8.9540135321050034 1 0 -0 1 0.69999999999998863
1 0 -2 1 0 
2 0 0 1 0 -0 1 1.25
2 47.291602628748777 18.431769818371929 1 0 -0 1 1.25
1 0 -2 1 0 
2 0 -1.7763568394002505e-15 1 0 -0 1 1.75
2 69.3418927641453 13.596179876399008 1 0 -0 1 1.75
1 0 -2 1 0 
2 0 1.7763568394002505e-15 1 0 -0 1 0.69999999999998863
2 79.399919843448956 11.275096704252006 1 0 -0 1 0.69999999999998863
1 0 -2 1 0 
2 -0.096711798839464791 5.7059961315280532 0.99985639405397353 0.016946718543286336 -0.016946718543286336 0.99985639405397353 1.4999999999999929
2 43.616554272849342 36.03331720715336 -0.99985639405397353 0.016946718543286336 0.016946718543286336 0.99985639405397353 1.4999999999999929
1 1.5964963899204179 -5.6805760537131107 -0.016946718543286336 0.99985639405397353 
1 0 -2 1 0 
1 41.923346084089459 24.646745021912196 0.016946718543286336 0.99985639405397353 
1 -1.5964963899204179 5.6805760537131249 0.016946718543286336 -0.99985639405397353 
1 0 -2 1 0 
1 45.116338863930295 36.007897129338431 -0.016946718543286336 -0.99985639405397353 
1 0 -2 1 0 
2 0.096711798839464791 -5.705996131528039 -0.99985639405397353 -0.016946718543286336 0.016946718543286336 -0.99985639405397353 1.4999999999999929
2 43.423130675170412 24.621324944097267 0.99985639405397353 -0.016946718543286336 -0.016946718543286336 -0.99985639405397353 1.4999999999999929
1 0 -2 1 0 
2 2.8421709430404007e-14 7.1054273576010019e-15 1 0 -0 1 1.5
2 47.678449824106607 40.482059953768449 1 0 -0 1 1.5
1 -10.5 -19.5 1 0 
1 0 0 1 0 
1 -10.5 19.5 0 -1 
1 10.5 19.5 -1 0 
1 0 0 1 0 
1 0 0 1 0 
2 0 -14.500000000000014 -1 0 -0 -1 1.5
2 -6.5 -14.5 1 0 0 -1 1.5
1 -1.5 14.499999999999986 0 -1 
1 0 0 1 0 
1 -5 14.5 0 -1 
1 1.5 -14.500000000000014 0 1 
1 0 0 1 0 
1 -8 -14.5 0 1 
1 0 0 1 0 
2 0 14.499999999999986 1 0 -0 1 1.5
2 -6.5 14.5 -1 0 0 1 1.5
1 0 0 0 -1 
1 29 0 0 -1 
1 3.1415926535897931 0 0 -1 
1 0 0 0 -1 
1 0 -2 1 0 
2 0 14.499999999999986 1 0 -0 1 1.5
2 -6.5 14.5 -1 0 0 1 1.5
1 3.1415926535897931 0 0 -1 
1 0 0 0 -1 
1 1.5 -14.500000000000014 0 1 
1 0 -2 1 0 
1 -8 -14.5 0 1 
1 0 0 0 -1 
1 29 0 0 -1 
1 -1.5 14.499999999999986 0 -1 
1 0 -2 1 0 
1 -5 14.5 0 -1 
1 0 -2 1 0 
2 0 -14.500000000000014 -1 0 -0 -1 1.5
2 -6.5 -14.5 1 0 0 -1 1.5
1 21 0 0 -1 
1 0 0 0 -1 
1 -10.5 19.5 0 -1 
1 10.5 19.5 -1 0 
1 0 -2 1 0 
1 -10.5 -19.5 1 0 
1 0 -2 1 0 
1 6.5 -30.428571428571427 1 0 
1 0 0 1 0 
1 6.5 -23.428571428571427 0 -1 
1 -6.5 -23.428571428571427 1 0 
1 -6.5 -30.428571428571427 0 1 
1 -13.5 -30.428571428571427 1 0 
1 -13.5 33.571428571428569 0 -1 
1 13.5 33.571428571428569 -1 0 
1 0 0 1 0 
1 0 0 1 0 
2 0 0 0 1 -1 0 1.5
2 -9.5 -10.428571428571427 0 1 -1 0 1.5
1 0 0 1 0 
2 0 0 0 1 -1 0 1.5
2 7.5 -10.428571428571427 0 1 -1 0 1.5
1 0 0 1 0 
2 0 7.1054273576010019e-15 0 1 -1 0 6
2 -0.5 10.571428571428573 0 1 -1 0 6
1 0 0 0 -1 
1 6.2831853071795862 0 0 -1 
1 0 -2 1 0 
2 0 7.1054273576010019e-15 0 1 -1 0 6
2 -0.5 10.571428571428573 0 1 -1 0 6
1 0 0 0 -1 
1 6.2831853071795862 0 0 -1 
1 0 -2 1 0 
2 0 0 0 1 -1 0 1.5
2 7.5 -10.428571428571427 0 1 -1 0 1.5
1 0 0 0 -1 
1 6.2831853071795862 0 0 -1 
1 0 -2 1 0 
2 0 0 0 1 -1 0 1.5
2 -9.5 -10.428571428571427 0 1 -1 0 1.5
1 27 0 0 -1 
1 -13.5 33.571428571428569 0 -1 
1 -13.5 -30.428571428571427 1 0 
1 -6.5 -30.428571428571427 0 1 
1 -6.5 -23.428571428571427 1 0 
1 0 0 0 -1 
1 6.5 -23.428571428571427 0 -1 
1 13.5 33.571428571428569 -1 0 
1 0 -2 1 0 
1 6.5 -30.428571428571427 1 0 
1 0 -2 1 0 
1 -12 -16 1 0 
1 0 0 1 0 
1 24 0 0 -1 
1 -12 -16 1 0 
1 0 -2 1 0 
1 0 0 0 -1 
1 12 -16 0 1 
1 12 -16 0 1 
1 12 16 -1 0 
1 0 -2 1 0 
1 0 -2 1 0 
2 0 -3.4186003313485582e-16 0 -1 1 0 6
2 0 0 0 -1 1 0 6
1 0 0 0 -1 
1 6.2831853071795862 0 0 -1 
1 0 0 1 0 
2 0 -3.4186003313485582e-16 0 -1 1 0 6
2 0 0 0 -1 1 0 6
1 12 16 -1 0 
1 0 0 1 0 
1 6.5 -30.428571428571427 1 0 
1 0 0 1 0 
1 6.5 -23.428571428571427 0 -1 
1 -6.5 -23.428571428571427 1 0 
1 -6.5 -30.428571428571427 0 1 
1 -13.5 -30.428571428571427 1 0 
1 -13.5 33.571428571428569 0 -1 
1 13.5 33.571428571428569 -1 0 
1 0 0 1 0 
1 0 0 1 0 
2 0 0 0 1 -1 0 1.5
2 -9.5 -10.428571428571427 0 1 -1 0 1.5
1 0 0 1 0 
2 0 0 0 1 -1 0 1.5
2 7.5 -10.428571428571427 0 1 -1 0 1.5
1 0 0 1 0 
2 0 7.1054273576010019e-15 0 1 -1 0 6
2 -0.5 10.571428571428573 0 1 -1 0 6
1 0 0 0 -1 
1 6.2831853071795862 0 0 -1 
1 0 -2 1 0 
2 0 7.1054273576010019e-15 0 1 -1 0 6
2 -0.5 10.571428571428573 0 1 -1 0 6
1 0 0 0 -1 
1 6.2831853071795862 0 0 -1 
1 0 -2 1 0 
2 0 0 0 1 -1 0 1.5
2 7.5 -10.428571428571427 0 1 -1 0 1.5
1 0 0 0 -1 
1 6.2831853071795862 0 0 -1 
1 0 -2 1 0 
2 0 0 0 1 -1 0 1.5
2 -9.5 -10.428571428571427 0 1 -1 0 1.5
1 27 0 0 -1 
1 -13.5 33.571428571428569 0 -1 
1 -13.5 -30.428571428571427 1 0 
1 -6.5 -30.428571428571427 0 1 
1 -6.5 -23.428571428571427 1 0 
1 0 0 0 -1 
1 6.5 -23.428571428571427 0 -1 
1 -10.5 -19.5 1 0 
1 0 0 1 0 
1 -10.5 19.5 0 -1 
1 10.5 19.5 -1 0 
1 0 0 1 0 
1 0 0 1 0 
2 0 -14.500000000000014 -1 0 -0 -1 1.5
2 -6.5 -14.5 1 0 0 -1 1.5
1 -1.5 14.499999999999986 0 -1 
1 0 0 1 0 
1 -5 14.5 0 -1 
1 1.5 -14.500000000000014 0 1 
1 0 0 1 0 
1 -8 -14.5 0 1 
1 0 0 1 0 
2 0 14.499999999999986 1 0 -0 1 1.5
2 -6.5 14.5 -1 0 0 1 1.5
1 0 0 0 -1 
1 29 0 0 -1 
1 3.1415926535897931 0 0 -1 
1 0 0 0 -1 
1 0 -2 1 0 
2 0 14.499999999999986 1 0 -0 1 1.5
2 -6.5 14.5 -1 0 0 1 1.5
1 3.1415926535897931 0 0 -1 
1 0 0 0 -1 
1 1.5 -14.500000000000014 0 1 
1 0 -2 1 0 
1 -8 -14.5 0 1 
1 0 0 0 -1 
1 29 0 0 -1 
1 -1.5 14.499999999999986 0 -1 
1 0 -2 1 0 
1 -5 14.5 0 -1 
1 0 -2 1 0 
2 0 -14.500000000000014 -1 0 -0 -1 1.5
2 -6.5 -14.5 1 0 0 -1 1.5
1 21 0 0 -1 
1 0 0 0 -1 
1 -10.5 19.5 0 -1 
1 10.5 19.5 -1 0 
1 0 -2 1 0 
2 13.988394584139265 -3.5 0 1 -1 0 1.75
1 0 -1.6943907156673106 1 0 
1 0 0 1 0 
2 0 4 1 0 -0 1 1.75
2 -8.5 4 -1 0 0 1 1.75
1 3.1415926535897931 0 0 -1 
1 0 0 0 -1 
1 0 -2 1 0 
2 0 4 1 0 -0 1 1.75
2 -8.5 4 -1 0 0 1 1.75
1 0 0 0 -1 
1 8 0 0 -1 
8 -10.994197292069632 -2.9941972920696323
1 10.994197292069632 -1.75 -1 0 
8 -10.994197292069632 -2.9941972920696323
1 10.994197292069632 -1.6943907156673106 1 0 
1 1.75 -4 0 1 
1 0 -2 1 0 
1 -10.25 -4 0 1 
1 3.1415926535897931 0 0 -1 
1 0 -0 0 -1 
1 0 0 0 -1 
1 8 0 0 -1 
1 -1.75 4 0 -1 
1 0 0 1 0 
1 -6.75 4 0 -1 
1 -1.75 4 0 -1 
1 0 -2 1 0 
1 -6.75 4 0 -1 
2 21.988394584139265 -3.5 0 -1 1 0 1.75
1 0 -1.6943907156673106 1 0 
1 0 0 1 0 
2 0 -4 -1 0 -0 -1 1.75
2 -8.5 -4 1 0 0 -1 1.75
1 0 -2 1 0 
2 0 -4 -1 0 -0 -1 1.75
2 -8.5 -4 1 0 0 -1 1.75
1 0 0 0 -1 
1 6.2831853071795862 0 0 -1 
1 0 0 0 -1 
1 6.2831853071795862 0 0 -1 
1 0 0 0 -1 
1 6.2831853071795862 0 0 -1 
1 0 0 0 -1 
1 6.2831853071795862 0 0 -1 
1 0 0 0 -1 
1 6.2831853071795862 0 0 -1 
1 22.823984526112184 0 0 -1 
1 0 -0 0 -1 
1 11.992263056092838 0 0 -1 
1 0 0 0 -1 
1 11.992263056092838 0 0 -1 
1 0 0 0 -1 
1 0 0 0 -1 
1 22.823984526112184 0 0 -1 
1 3.1415926535897931 0 0 -1 
1 0 -0 0 -1 
1 0 0 0 -1 
1 9.0909090909090935 0 0 -1 
1 0 0 0 -1 
1 9.0909090909090935 0 0 -1 
1 3.1415926535897931 0 0 -1 
1 0 0 0 -1 
1 0 0 0 -1 
1 6.2831853071795862 0 0 -1 
1 0 0 0 -1 
1 6.2831853071795862 0 0 -1 
1 3.1415926535897931 0 0 -1 
1 0 -0 0 -1 
1 0 0 0 -1 
1 9.6711798839458538 0 0 -1 
1 0 0 0 -1 
1 9.6711798839458538 0 0 -1 
1 3.1415926535897931 0 0 -1 
1 0 0 0 -1 
1 0 0 0 -1 
1 6.2831853071795862 0 0 -1 
1 3.1415926535897931 0 0 -1 
1 0 -0 0 -1 
1 0 0 0 -1 
1 9.6711798839458538 0 0 -1 
1 0 0 0 -1 
1 9.6711798839458538 0 0 -1 
1 3.1415926535897931 0 0 -1 
1 0 0 0 -1 
1 15.860735009671181 0 0 -1 
1 0 -0 0 -1 
1 9.0909090909090935 0 0 -1 
1 0 0 0 -1 
1 9.0909090909090935 0 0 -1 
1 0 0 0 -1 
1 0 0 0 -1 
1 15.860735009671181 0 0 -1 
1 0 0 0 -1 
1 6.2831853071795862 0 0 -1 
1 0 0 0 -1 
1 6.2831853071795862 0 0 -1 
1 0 0 0 -1 
1 6.2831853071795862 0 0 -1 
1 0 0 0 -1 
1 6.2831853071795862 0 0 -1 
1 0 0 0 -1 
1 6.2831853071795862 0 0 -1 
1 0 0 0 -1 
1 6.2831853071795862 0 0 -1 
1 3.1415926535897931 0 0 -1 
1 0 0 0 -1 
1 0 0 0 -1 
1 13.539651837524179 0 0 -1 
1 0 0 0 -1 
1 13.539651837524179 0 0 -1 
1 3.1415926535897931 0 0 -1 
1 0 0 0 -1 
1 3.1415926535897931 0 0 -1 
1 0 -0 0 -1 
1 0 0 0 -1 
1 9.0909090909090935 0 0 -1 
1 0 0 0 -1 
1 9.0909090909090935 0 0 -1 
1 3.1415926535897931 0 0 -1 
1 0 0 0 -1 
1 3.1415926535897931 0 0 -1 
1 0 -0 0 -1 
1 0 0 0 -1 
1 9.0909090909090935 0 0 -1 
1 0 0 0 -1 
1 9.0909090909090935 0 0 -1 
1 3.1415926535897931 0 0 -1 
1 0 0 0 -1 
1 0 0 0 -1 
1 6.2831853071795862 0 0 -1 
1 3.1415926535897931 0 0 -1 
1 0 0 0 -1 
1 0 0 0 -1 
1 11.025145067698261 0 0 -1 
1 0 0 0 -1 
1 11.025145067698261 0 0 -1 
1 3.1415926535897931 0 0 -1 
1 0 0 0 -1 
1 0 0 0 -1 
1 6.2831853071795862 0 0 -1 
1 3.1415926535897931 0 0 -1 
1 0 -0 0 -1 
1 0 0 0 -1 
1 9.6711798839458538 0 0 -1 
1 0 0 0 -1 
1 9.6711798839458538 0 0 -1 
1 3.1415926535897931 0 0 -1 
1 0 0 0 -1 
1 0 0 0 -1 
1 6.2831853071795862 0 0 -1 
1 0 0 0 -1 
1 6.2831853071795862 0 0 -1 
1 0 0 0 -1 
1 6.2831853071795862 0 0 -1 
1 3.1415926535897931 0 0 -1 
1 0 0 0 -1 
1 0 0 0 -1 
1 11.413631328380603 0 0 -1 
1 0 0 0 -1 
1 11.413631328380603 0 0 -1 
1 3.1415926535897931 0 0 -1 
1 0 0 0 -1 
1 24.693156770456184 0 0 -1 
1 0 0 0 -1 
1 0 0 0 -1 
1 3.1487080456672536 0 0 -1 
8 -6 -4
1 2.5075165890950069 -6 0 -1 
8 -6 -4
1 -6 -18.676279233339187 1 0 
1 24 0 0 -1 
1 -12 -30 1 0 
1 0 0 1 0 
1 -12 -30 1 0 
1 0 -2 1 0 
1 0 0 0 -1 
1 12 -30 0 1 
1 12 -30 0 1 
1 12 30 -1 0 
1 0 -2 1 0 
1 0 -2 1 0 
2 0 0 0 -1 1 0 1.5
2 0 -27 0 -1 1 0 1.5
1 0 -2 1 0 
2 0 -1.7763568394002505e-15 0 -1 1 0 9.5
2 0 -15 0 -1 1 0 9.5
1 0 -2 1 0 
2 0 4 1 0 -0 1 1.25
2 9 4 -1 0 0 1 1.25
1 1.25 -4 0 1 
1 0 -2 1 0 
1 7.75 -4 0 1 
1 -1.25 4 0 -1 
1 0 -2 1 0 
1 10.25 4 0 -1 
1 0 -2 1 0 
2 0 -4 -1 0 -0 -1 1.25
2 9 -4 1 0 0 -1 1.25
1 0 -2 1 0 
2 0 -1.7763568394002505e-15 0 -1 1 0 9.5
2 0 15 0 -1 1 0 9.5
1 0 -2 1 0 
2 0 0 0 -1 1 0 1.5
2 0 27 0 -1 1 0 1.5
1 0 0 0 -1 
1 6.2831853071795862 0 0 -1 
1 0 0 1 0 
2 0 0 0 -1 1 0 1.5
2 0 27 0 -1 1 0 1.5
1 0 0 0 -1 
1 6.2831853071795862 0 0 -1 
1 0 0 1 0 
2 0 -1.7763568394002505e-15 0 -1 1 0 9.5
2 0 15 0 -1 1 0 9.5
1 0 0 0 -1 
1 8 0 0 -1 
1 3.1415926535897931 0 0 -1 
1 0 -0 0 -1 
1 0 0 1 0 
2 0 -4 -1 0 -0 -1 1.25
2 9 -4 1 0 0 -1 1.25
1 3.1415926535897931 0 0 -1 
1 0 0 0 -1 
1 -1.25 4 0 -1 
1 0 0 1 0 
1 10.25 4 0 -1 
1 0 0 0 -1 
1 8 0 0 -1 
1 1.25 -4 0 1 
1 0 -0 1 0 
1 7.75 -4 0 1 
1 0 0 1 0 
2 0 4 1 0 -0 1 1.25
2 9 4 -1 0 0 1 1.25
1 0 0 0 -1 
1 6.2831853071795862 0 0 -1 
1 0 0 1 0 
2 0 -1.7763568394002505e-15 0 -1 1 0 9.5
2 0 -15 0 -1 1 0 9.5
1 0 0 0 -1 
1 6.2831853071795862 0 0 -1 
1 0 0 1 0 
2 0 0 0 -1 1 0 1.5
2 0 -27 0 -1 1 0 1.5
1 12 30 -1 0 
1 0 0 1 0 
8 4 6
1 30.607350096711798 -6 0 1 
8 4 6
1 -6 19.922630560928432 -1 0 
1 0 0 0 -1 
1 10.523381438093194 0 0 -1 
8 3.25 5.25
1 2.8939298954756154 -5.25 -0 1 
8 3.25 5.25
1 5.25 15.739845261121843 1 -0 
1 -10.5 -19.5 1 0 
1 0 -2 1 0 
8 8.5 10.5
1 0.79497098646034203 -10.5 0 1 
8 8.5 10.5
1 10.5 -1.1489361702127674 1 0 
1 24.512959515353714 0 0 -1 
1 0 0 0 -1 
1 0 0 0 -1 
1 65.764023210831724 0 0 -1 
8 0 2
1 64 0 0 -1 
8 0 2
1 0 -0.83075435203095083 1 0 
1 13.5 33.571428571428569 -1 0 
1 0 -2 1 0 
1 6.5 -30.428571428571427 1 0 
1 0 -2 1 0 
Curves 464
8 0 78.73210831721471
1 0 -38.5 0 0 1 0 
1 0 -38.5 0 1 0 0 
1 64 -36.5 0 0 -1 0 
1 0 -37.330754352030951 0 1 0 0 
1 65.764023210831724 -37.330754352030951 0 0.6707066844544044 0.7417226863378118 0 
1 82.205029013539658 -19.148936170212767 0 1 0 0 
1 83 -18 0 0 -1 0 
1 83 -20 0 1 0 0 
1 115.47388781431334 -19.148936170212767 0 0.95577900872195021 -0.2940858488375227 0 
1 125.53191489361703 -22.243713733075435 0 0.080545529744892458 -0.99675093059305175 0 
1 127.07930367504835 -41.392649903288202 0 0.47885213068057531 -0.87789557291438314 0 
1 129.40038684719536 -45.647969052224369 0 0.88583153528015424 -0.46400699467056 0 
1 133.4622823984526 -47.775628626692459 0 0.94449679670615927 0.32852062494127265 0 
1 137.9110251450677 -46.228239845261122 0 0.68394112888132896 0.72953720414008572 0 
1 140.81237911025144 -43.133462282398455 0 -0.012985917914453218 0.99991567941297888 0 
1 140.61895551257254 -28.239845261121857 0 -0.31622776601683866 0.94868329805051355 0 
1 139.26499032882012 -24.177949709864603 0 0.44721359549995765 0.89442719099991597 0 
1 141.3926499032882 -19.922630560928432 0 1 0 0 
1 172 -30 0 0 1 0 
1 172 -30 0 1 0 0 
1 174 -30 0 0 1 0 
1 172 30 0 1 0 0 
1 173.69439071566731 16.827852998065765 0 -0.67572462851734594 0.73715414020074177 0 
1 171.56673114119923 19.148936170212767 0 -1 0 0 
1 141.58607350096713 19.148936170212767 0 -0.70710678118654913 0.70710678118654591 0 
1 139.26499032882012 21.47001934235977 0 0.061611125312097281 0.99810023005596848 0 
1 140.23210831721471 37.137330754352028 0 0.33633639699815387 0.94174191159483833 0 
1 142.16634429400386 42.553191489361701 0 -0.48564293117862906 0.87415727612153948 0 
1 140.23210831721471 46.034816247582206 0 -0.90373783889353931 0.42808634473904345 0 
1 136.55705996131528 47.775628626692459 0 -0.96351790962994066 -0.26764386378609439 0 
1 133.07543520309477 46.808510638297875 0 -0.78935221737632644 -0.61394061351492035 0 
1 129.59381044487426 44.100580270793039 0 -0.36244626115494255 -0.93200467154129829 0 
1 128.23984526112187 40.618955512572533 0 -0.12687335081280149 -0.99191892453644204 0 
1 126.11218568665377 23.984526112185687 0 -0.68394112888133052 -0.72953720414008461 0 
1 123.21083172147002 20.889748549323016 0 -1 0 0 
1 82.978723404255319 20.889748549323016 0 -0.65014606097499383 0.75980925198282456 0 
1 66.92456479690523 39.651837524177949 0 -0.99996241315872225 0.0086701943337461878 0 
2 131.52804642166342 25.338491295938105 0 0 -0 -1 0.99985639405397353 -0.016946718543286336 0 -0.016946718543286336 -0.99985639405397353 0 1.5
1 130.02826183058247 25.363911373753034 0 0.016946718543286336 0.99985639405397353 0 
2 131.72147001934235 36.750483558994198 0 0 0 -1 -0.99985639405397353 0.016946718543286336 0 0.016946718543286336 0.99985639405397353 0 1.5
1 133.2212546104233 36.725063481179269 0 -0.016946718543286336 -0.99985639405397353 0 
2 135.78336557059961 41.199226305609287 0 0 0 1 1 0 0 0 1 0 1.5
2 13.926499032882012 -23.210831721470019 0 0 0 1 1 0 0 0 1 0 1.5
2 71.953578336557058 -23.791102514506772 0 0 0 1 1 0 0 0 1 0 1.5
2 66.92456479690523 -11.02514506769826 0 0 -0 -1 0 -1 0 -1 -0 0 0.75
1 66.92456479690523 -10.27514506769826 0 1 0 0 
2 76.595744680851084 -11.02514506769826 0 0 0 -1 0 1 0 1 0 0 0.75
1 76.595744680851084 -11.77514506769826 0 -1 0 0 
2 91.295938104448737 -9.2843326885880071 0 0 0 1 1 0 0 0 1 0 1.5
2 131.14119922630562 -25.725338491295936 0 -0 0 -1 -1 -1.1102230246251565e-16 0 -1.1102230246251565e-16 1 0 1.5
1 132.64119922630562 -25.725338491295936 0 1.1102230246251565e-16 -1 0 
2 131.14119922630562 -36.750483558994198 0 0 0 -1 1 1.1102230246251565e-16 0 1.1102230246251565e-16 -1 0 1.5
1 129.64119922630562 -36.750483558994198 0 -1.1102230246251565e-16 1 0 
2 134.42940038684719 -41.199226305609287 0 0 0 1 1 0 0 0 1 0 1.5
2 101.74081237911025 -11.605415860735009 0 0 -0 -1 0 -1 0 -1 -0 0 0.75
1 101.74081237911025 -10.855415860735009 0 1 0 0 
2 110.83172147001935 -11.605415860735009 0 0 0 -1 0 1 0 1 0 0 0.75
1 110.83172147001935 -12.355415860735009 0 -1 0 0 
2 101.74081237911025 0 0 0 -0 -1 0 -1 0 -1 -0 0 0.75
1 101.74081237911025 0.75 0 1 0 0 
2 110.83172147001935 0 0 0 0 -1 0 1 0 1 0 0 0.75
1 110.83172147001935 -0.75 0 -1 0 0 
2 124.17794970986461 6.1895551257253398 0 -0 0 -1 -1 -1.1102230246251565e-16 0 -1.1102230246251565e-16 1 0 3
1 127.17794970986461 6.1895551257253398 0 1.1102230246251565e-16 -1 0 
2 124.17794970986461 -7.3500967117988392 0 0 0 -1 1 1.1102230246251565e-16 0 1.1102230246251565e-16 -1 0 3
1 121.17794970986461 -7.3500967117988392 0 -1.1102230246251565e-16 1 0 
2 156.86653771760155 -15.087040618955513 0 0 0 1 1 0 0 0 1 0 1.75
2 166.92456479690523 -13.346228239845262 0 0 0 1 1 0 0 0 1 0 0.69999999999999996
2 166.92456479690523 -11.218568665377177 0 0 0 1 1 0 0 0 1 0 0.69999999999999996
2 135.00967117988395 -8.5106382978723403 0 0 0 1 1 0 0 0 1 0 1.25
2 166.92456479690523 -9.2843326885880071 0 0 0 1 1 0 0 0 1 0 0.69999999999999996
2 167.31141199226306 -0.38684719535783368 0 0 0 1 1 0 0 0 1 0 4
1 37.717601547388782 -6.9632495164410058 0 0 1 0 
1 37.717601547388782 8.8974854932301746 0 1 0 0 
1 46.808510638297875 8.8974854932301746 0 0 -1 0 
1 46.808510638297875 -6.9632495164410058 0 -1 0 0 
2 66.92456479690523 0.58027079303675044 0 0 -0 -1 0 -1 0 -1 -0 0 0.75
1 66.92456479690523 1.3302707930367506 0 1 0 0 
2 76.595744680851084 0.58027079303675044 0 0 0 -1 0 1 0 1 0 0 0.75
1 76.595744680851084 -0.16972920696324956 0 -1 0 0 
2 91.489361702127667 10.251450676982593 0 0 0 1 1 0 0 0 1 0 1.5
2 66.92456479690523 12.379110251450678 0 0 -0 -1 0 -1 0 -1 -0 0 0.75
1 66.92456479690523 13.129110251450678 0 1 0 0 
2 76.595744680851084 12.379110251450678 0 0 0 -1 0 1 0 1 0 0 0.75
1 76.595744680851084 11.629110251450678 0 -1 0 0 
2 13.926499032882012 26.499032882011605 0 0 0 1 1 0 0 0 1 0 1.5
2 72.340425531914889 25.145067698259187 0 0 0 1 1 0 0 0 1 0 1.5
2 101.74081237911025 11.798839458413926 0 0 -0 -1 0 -1 0 -1 -0 0 0.75
1 101.74081237911025 12.548839458413926 0 1 0 0 
2 110.83172147001935 11.798839458413926 0 0 0 -1 0 1 0 1 0 0 0.75
1 110.83172147001935 11.048839458413926 0 -1 0 0 
1 129.20696324951643 -6.3829787234042552 0 0 1 0 
1 129.20696324951643 16.441005802707931 0 1 0 0 
1 141.19922630560927 16.441005802707931 0 0 -1 0 
1 141.19922630560927 -6.3829787234042552 0 -1 0 0 
2 167.50483558994196 7.3500967117988392 0 0 0 1 1 0 0 0 1 0 0.69999999999999996
2 167.50483558994196 9.6711798839458414 0 0 0 1 1 0 0 0 1 0 0.69999999999999996
2 135.39651837524178 19.148936170212767 0 0 0 1 1 0 0 0 1 0 1.25
2 157.44680851063831 14.313346228239846 0 0 0 1 1 0 0 0 1 0 1.75
2 167.50483558994196 11.992263056092844 0 0 0 1 1 0 0 0 1 0 0.69999999999999996
2 167.50483558994196 14.119922630560929 0 0 0 1 1 0 0 0 1 0 0.69999999999999996
1 168.20483558994195 14.119922630560929 0 0 0 1 
2 167.50483558994196 14.119922630560929 2 0 0 1 1 0 0 0 1 0 0.69999999999999996
1 126.11218568665377 23.984526112185687 2 -0.68394112888133052 -0.72953720414008461 0 
1 128.23984526112187 40.618955512572533 2 -0.12687335081280149 -0.99191892453644204 0 
1 129.59381044487426 44.100580270793039 2 -0.36244626115494255 -0.93200467154129829 0 
1 133.07543520309477 46.808510638297875 2 -0.78935221737632644 -0.61394061351492035 0 
1 136.55705996131528 47.775628626692459 2 -0.96351790962994066 -0.26764386378609439 0 
1 140.23210831721471 46.034816247582206 2 -0.90373783889353931 0.42808634473904345 0 
1 142.16634429400386 42.553191489361701 2 -0.48564293117862906 0.87415727612153948 0 
1 140.23210831721471 37.137330754352028 2 0.33633639699815387 0.94174191159483833 0 
1 139.26499032882012 21.47001934235977 2 0.061611125312097281 0.99810023005596848 0 
1 141.58607350096713 19.148936170212767 2 -0.70710678118654913 0.70710678118654591 0 
1 171.56673114119923 19.148936170212767 2 -1 0 0 
1 173.69439071566731 16.827852998065765 2 -0.67572462851734594 0.73715414020074177 0 
1 172 0.35858317592041861 2 0 1 0 
1 172 4.9013878188659969 2 -1 0 0 
1 173.69439071566731 -17.988394584139265 2 0 1 0 
1 172 -4.9013878188659969 2 -1 0 -0 
1 141.3926499032882 -19.922630560928432 2 1 0 0 
1 139.26499032882012 -24.177949709864603 2 0.44721359549995765 0.89442719099991597 0 
1 140.61895551257254 -28.239845261121857 2 -0.31622776601683866 0.94868329805051355 0 
1 140.81237911025144 -43.133462282398455 2 -0.012985917914453218 0.99991567941297888 0 
1 137.9110251450677 -46.228239845261122 2 0.68394112888132896 0.72953720414008572 0 
1 133.4622823984526 -47.775628626692459 2 0.94449679670615927 0.32852062494127265 0 
1 129.40038684719536 -45.647969052224369 2 0.88583153528015424 -0.46400699467056 0 
1 127.07930367504835 -41.392649903288202 2 0.47885213068057531 -0.87789557291438314 0 
1 125.53191489361703 -22.243713733075435 2 0.080545529744892458 -0.99675093059305175 0 
1 115.47388781431334 -19.148936170212767 2 0.95577900872195021 -0.2940858488375227 0 
1 95.30245787324651 -20 2 1 0 0 
1 122 -8.641416824079581 2 0 -1 0 
1 95.30245787324651 -18 2 1 0 0 
1 83 -8.641416824079581 2 0 1 0 
1 82.205029013539658 -19.148936170212767 2 1 0 0 
1 65.764023210831724 -37.330754352030951 2 0.6707066844544044 0.7417226863378118 0 
1 0 -37.330754352030951 2 1 0 0 
1 64 -17.891416824079581 2 0 -1 0 
1 59.266743587532218 -36.5 2 1 0 0 
1 0 40.232108317214703 2 0 -1 0 
1 44.052457873246503 -16 2 -1 -0 0 
1 2 0.35858317592041861 2 0 1 0 
1 44.052457873246503 16 2 1 0 -0 
1 59.266743587532218 36 2 1 0 0 
1 64 19.358583175920419 2 0 -1 0 
1 59.266743587532218 38 2 1 0 0 
1 66.92456479690523 39.651837524177949 2 -0.99996241315872225 0.0086701943337461878 0 
1 82.978723404255319 20.889748549323016 2 -0.65014606097499383 0.75980925198282456 0 
1 123.21083172147002 20.889748549323016 2 -1 0 0 
2 13.926499032882012 -23.210831721470019 2 0 0 1 1 0 0 0 1 0 1.5
2 71.953578336557058 -23.791102514506772 2 0 0 1 1 0 0 0 1 0 1.5
2 66.92456479690523 -11.02514506769826 2 0 -0 -1 0 -1 0 -1 -0 0 0.75
1 76.595744680851084 -11.77514506769826 2 -1 0 0 
1 66.92456479690523 -10.27514506769826 2 1 0 0 
2 76.595744680851084 -11.02514506769826 2 0 0 -1 0 1 0 1 0 0 0.75
2 91.295938104448737 -9.2843326885880071 2 0 0 1 1 0 0 0 1 0 1.5
2 131.14119922630562 -25.725338491295936 2 -0 0 -1 -1 -1.1102230246251565e-16 0 -1.1102230246251565e-16 1 0 1.5
1 129.64119922630562 -36.750483558994198 2 -1.1102230246251565e-16 1 0 
1 132.64119922630562 -25.725338491295936 2 1.1102230246251565e-16 -1 0 
2 131.14119922630562 -36.750483558994198 2 0 0 -1 1 1.1102230246251565e-16 0 1.1102230246251565e-16 -1 0 1.5
2 134.42940038684719 -41.199226305609287 2 0 0 1 1 0 0 0 1 0 1.5
2 101.74081237911025 -11.605415860735009 2 0 -0 -1 0 -1 0 -1 -0 0 0.75
1 110.83172147001935 -12.355415860735009 2 -1 0 0 
1 101.74081237911025 -10.855415860735009 2 1 0 0 
2 110.83172147001935 -11.605415860735009 2 0 0 -1 0 1 0 1 0 0 0.75
2 101.74081237911025 0 2 0 -0 -1 0 -1 0 -1 -0 0 0.75
1 110.83172147001935 -0.75 2 -1 0 0 
1 101.74081237911025 0.75 2 1 0 0 
2 110.83172147001935 0 2 0 0 -1 0 1 0 1 0 0 0.75
2 124.17794970986461 6.1895551257253398 2 -0 0 -1 -1 -1.1102230246251565e-16 0 -1.1102230246251565e-16 1 0 3
1 121.17794970986461 -7.3500967117988392 2 -1.1102230246251565e-16 1 0 
1 127.17794970986461 6.1895551257253398 2 1.1102230246251565e-16 -1 0 
2 124.17794970986461 -7.3500967117988392 2 0 0 -1 1 1.1102230246251565e-16 0 1.1102230246251565e-16 -1 0 3
2 156.86653771760155 -15.087040618955513 2 0 0 1 1 0 0 0 1 0 1.75
2 166.92456479690523 -13.346228239845262 2 0 0 1 1 0 0 0 1 0 0.69999999999999996
2 166.92456479690523 -11.218568665377177 2 0 0 1 1 0 0 0 1 0 0.69999999999999996
2 135.00967117988395 -8.5106382978723403 2 0 0 1 1 0 0 0 1 0 1.25
2 166.92456479690523 -9.2843326885880071 2 0 0 1 1 0 0 0 1 0 0.69999999999999996
2 167.31141199226306 -0.38684719535783368 2 0 0 1 1 0 0 0 1 0 4
1 37.717601547388782 -6.9632495164410058 2 0 1 0 
1 46.808510638297875 -6.9632495164410058 2 -1 0 0 
1 37.717601547388782 8.8974854932301746 2 1 0 0 
1 46.808510638297875 8.8974854932301746 2 0 -1 0 
2 66.92456479690523 0.58027079303675044 2 0 -0 -1 0 -1 0 -1 -0 0 0.75
1 76.595744680851084 -0.16972920696324956 2 -1 0 0 
1 66.92456479690523 1.3302707930367506 2 1 0 0 
2 76.595744680851084 0.58027079303675044 2 0 0 -1 0 1 0 1 0 0 0.75
2 91.489361702127667 10.251450676982593 2 0 0 1 1 0 0 0 1 0 1.5
2 66.92456479690523 12.379110251450678 2 0 -0 -1 0 -1 0 -1 -0 0 0.75
1 76.595744680851084 11.629110251450678 2 -1 0 0 
1 66.92456479690523 13.129110251450678 2 1 0 0 
2 76.595744680851084 12.379110251450678 2 0 0 -1 0 1 0 1 0 0 0.75
2 13.926499032882012 26.499032882011605 2 0 0 1 1 0 0 0 1 0 1.5
2 72.340425531914889 25.145067698259187 2 0 0 1 1 0 0 0 1 0 1.5
2 101.74081237911025 11.798839458413926 2 0 -0 -1 0 -1 0 -1 -0 0 0.75
1 110.83172147001935 11.048839458413926 2 -1 0 0 
1 101.74081237911025 12.548839458413926 2 1 0 0 
2 110.83172147001935 11.798839458413926 2 0 0 -1 0 1 0 1 0 0 0.75
1 95.30245787324651 17 2 1 0 0 
1 83 9.858583175920419 2 0 1 0 
1 122 9.858583175920419 2 0 -1 0 
1 95.30245787324651 19 2 1 0 0 
1 129.20696324951643 -6.3829787234042552 2 0 1 0 
1 141.19922630560927 -6.3829787234042552 2 -1 0 0 
1 129.20696324951643 16.441005802707931 2 1 0 0 
1 141.19922630560927 16.441005802707931 2 0 -1 0 
2 167.50483558994196 7.3500967117988392 2 0 0 1 1 0 0 0 1 0 0.69999999999999996
2 167.50483558994196 9.6711798839458414 2 0 0 1 1 0 0 0 1 0 0.69999999999999996
2 135.39651837524178 19.148936170212767 2 0 0 1 1 0 0 0 1 0 1.25
2 157.44680851063831 14.313346228239846 2 0 0 1 1 0 0 0 1 0 1.75
2 167.50483558994196 11.992263056092844 2 0 0 1 1 0 0 0 1 0 0.69999999999999996
2 131.72147001934235 36.750483558994198 2 0 0 -1 -0.99985639405397353 0.016946718543286336 0 0.016946718543286336 0.99985639405397353 0 1.5
1 130.02826183058247 25.363911373753034 2 0.016946718543286336 0.99985639405397353 0 
1 133.2212546104233 36.725063481179269 2 -0.016946718543286336 -0.99985639405397353 0 
2 131.52804642166342 25.338491295938105 2 0 -0 -1 0.99985639405397353 -0.016946718543286336 0 -0.016946718543286336 -0.99985639405397353 0 1.5
2 135.78336557059961 41.199226305609287 2 0 0 1 1 0 0 0 1 0 1.5
1 83 19 21 0 0 -1 
1 122 19 21 -1 0 0 
1 122 19 0 0 0 1 
2 88 19 17 0 1 0 0 0 -1 -1 0 -0 1.5
1 117 19 15.5 -1 0 0 
1 88 19 18.5 1 0 0 
2 117 19 17 0 1 0 0 0 1 1 0 0 1.5
1 117 19 18.5 0 -1 0 
1 117 19 15.5 0 -1 0 
2 117 17 17 0 1 0 0 0 1 1 0 0 1.5
1 88 19 18.5 0 -1 0 
1 88 17 18.5 1 0 0 
1 88 19 15.5 0 -1 0 
1 117 17 15.5 -1 0 0 
2 88 17 17 0 1 0 0 0 -1 -1 0 -0 1.5
1 122 19 21 0 -1 0 
1 83 19 21 0 -1 0 
1 122 17 21 -1 0 0 
1 122 17 0 0 0 1 
1 83 17 21 0 0 -1 
1 0 38 7 0 0 -1 
1 7 38 7 -1 0 0 
1 7 38 20 0 0 -1 
1 0 38 20 1 0 0 
1 0 38 27 0 0 -1 
1 64 38 27 -1 0 0 
1 64 38 0 0 0 1 
2 20 38 23 0 -1 0 1 0 0 0 0 1 1.5
2 20 38 6 0 -1 0 1 0 0 0 0 1 1.5
2 41 38 14 0 -1 0 1 0 0 0 0 1 6
1 47 38 14 0 -1 0 
2 41 36 14 0 -1 0 1 0 0 0 0 1 6
1 21.5 38 6 0 -1 0 
2 20 36 6 0 -1 0 1 0 0 0 0 1 1.5
1 21.5 38 23 0 -1 0 
2 20 36 23 0 -1 0 1 0 0 0 0 1 1.5
1 64 38 27 0 -1 0 
1 0 38 27 0 -1 0 
1 64 36 27 -1 0 0 
1 0 38 20 0 -1 0 
1 0 36 27 0 0 -1 
1 7 38 20 0 -1 0 
1 0 36 20 1 0 0 
1 7 38 7 0 -1 0 
1 7 36 20 0 0 -1 
1 0 38 7 0 -1 0 
1 7 36 7 -1 0 0 
1 64 36 0 0 0 1 
1 0 36 7 0 0 -1 
1 0 16 0 0 0 1 
1 0 16 24 1 0 0 
1 2 16 0 0 0 1 
1 0 -16 24 1 0 0 
1 0 16 24 0 -1 0 
1 2 16 24 0 -1 0 
1 2 -16 24 0 0 -1 
2 2 0 12 1 0 0 0 1 0 0 0 1 6
1 0 6 12 1 0 0 
2 0 0 12 1 0 0 0 1 0 0 0 1 6
1 0 -16 24 0 0 -1 
1 0 -36.5 7 0 0 -1 
1 7 -36.5 7 -1 0 0 
1 7 -36.5 20 0 0 -1 
1 0 -36.5 20 1 0 0 
1 0 -36.5 27 0 0 -1 
1 64 -36.5 27 -1 0 0 
1 64 -36.5 0 0 0 1 
2 20 -36.5 23 0 -1 0 1 0 0 0 0 1 1.5
2 20 -36.5 6 0 -1 0 1 0 0 0 0 1 1.5
2 41 -36.5 14 0 -1 0 1 0 0 0 0 1 6
1 47 -36.5 14 0 -1 0 
2 41 -38.5 14 0 -1 0 1 0 0 0 0 1 6
1 21.5 -36.5 6 0 -1 0 
2 20 -38.5 6 0 -1 0 1 0 0 0 0 1 1.5
1 21.5 -36.5 23 0 -1 0 
2 20 -38.5 23 0 -1 0 1 0 0 0 0 1 1.5
1 64 -36.5 27 0 -1 0 
1 0 -36.5 27 0 -1 0 
1 64 -38.5 27 -1 0 0 
1 0 -36.5 20 0 -1 0 
1 0 -38.5 27 0 0 -1 
1 7 -36.5 20 0 -1 0 
1 0 -38.5 20 1 0 0 
1 7 -36.5 7 0 -1 0 
1 7 -38.5 20 0 0 -1 
1 0 -36.5 7 0 -1 0 
1 7 -38.5 7 -1 0 0 
1 83 -18 21 0 0 -1 
1 122 -18 21 -1 0 0 
1 122 -18 0 0 0 1 
2 88 -18 17 0 1 0 0 0 -1 -1 0 -0 1.5
1 117 -18 15.5 -1 0 0 
1 88 -18 18.5 1 0 0 
2 117 -18 17 0 1 0 0 0 1 1 0 0 1.5
1 117 -18 18.5 0 -1 0 
1 117 -18 15.5 0 -1 0 
2 117 -20 17 0 1 0 0 0 1 1 0 0 1.5
1 88 -18 18.5 0 -1 0 
1 88 -20 18.5 1 0 0 
1 88 -18 15.5 0 -1 0 
1 117 -20 15.5 -1 0 0 
2 88 -20 17 0 1 0 0 0 -1 -1 0 -0 1.5
1 122 -18 21 0 -1 0 
1 83 -18 21 0 -1 0 
1 122 -20 21 -1 0 0 
1 122 -20 0 0 0 1 
2 173.69439071566731 -4 3.5 -1 0 -0 0 0 -1 0 -1 -0 1.75
2 172 -4 3.5 -1 0 -0 0 0 -1 0 -1 -0 1.75
1 172 -4 5.25 1 0 0 
2 174 -4 3.5 -1 0 -0 0 0 -1 0 -1 -0 1.75
1 172 -4 1.75 1 0 0 
1 173.69439071566731 -6.9941972920696323 1.75 -0 -1 -0 
1 174 4 1.75 0 -1 0 
1 172 4 1.75 1 0 0 
1 172 4 5.25 1 0 0 
1 172 -4 5.25 0 1 0 
1 174 -4 5.25 0 1 0 
2 173.69439071566731 4 3.5 -1 0 0 0 0 1 0 1 -0 1.75
2 172 4 3.5 -1 0 0 0 0 1 0 1 0 1.75
2 174 4 3.5 -1 0 0 0 0 1 0 1 0 1.75
1 168.20483558994195 11.992263056092844 0 0 0 1 
1 159.19680851063831 14.313346228239846 0 0 0 1 
1 136.64651837524178 19.148936170212767 0 0 0 1 
1 168.20483558994195 9.6711798839458414 0 0 0 1 
1 168.20483558994195 7.3500967117988392 0 0 0 1 
1 141.19922630560927 -6.3829787234042552 0 0 0 1 
1 129.20696324951643 -6.3829787234042552 0 0 0 1 
1 141.19922630560927 16.441005802707931 0 0 0 1 
1 129.20696324951643 16.441005802707931 0 0 0 1 
1 110.83172147001935 11.048839458413926 0 0 0 1 
1 101.74081237911025 11.048839458413926 0 0 0 1 
1 110.83172147001935 12.548839458413926 0 0 0 1 
1 101.74081237911025 12.548839458413926 0 0 0 1 
1 73.840425531914889 25.145067698259187 0 0 0 1 
1 15.426499032882012 26.499032882011605 0 0 0 1 
1 76.595744680851084 11.629110251450678 0 0 0 1 
1 66.92456479690523 11.629110251450678 0 0 0 1 
1 76.595744680851084 13.129110251450678 0 0 0 1 
1 66.92456479690523 13.129110251450678 0 0 0 1 
1 92.989361702127667 10.251450676982593 0 0 0 1 
1 76.595744680851084 -0.16972920696324956 0 0 0 1 
1 66.92456479690523 -0.16972920696324956 0 0 0 1 
1 76.595744680851084 1.3302707930367506 0 0 0 1 
1 66.92456479690523 1.3302707930367506 0 0 0 1 
1 46.808510638297875 -6.9632495164410058 0 0 0 1 
1 37.717601547388782 -6.9632495164410058 0 0 0 1 
1 46.808510638297875 8.8974854932301746 0 0 0 1 
1 37.717601547388782 8.8974854932301746 0 0 0 1 
1 171.31141199226306 -0.38684719535783368 0 0 0 1 
1 167.62456479690522 -9.2843326885880071 0 0 0 1 
1 136.25967117988395 -8.5106382978723403 0 0 0 1 
1 167.62456479690522 -11.218568665377177 0 0 0 1 
1 167.62456479690522 -13.346228239845262 0 0 0 1 
1 158.61653771760155 -15.087040618955513 0 0 0 1 
1 121.17794970986461 -7.3500967117988392 0 0 0 1 
1 121.17794970986461 6.1895551257253398 0 0 0 1 
1 127.17794970986461 -7.3500967117988392 0 0 0 1 
1 127.17794970986461 6.1895551257253398 0 0 0 1 
1 110.83172147001935 -0.75 0 0 0 1 
1 101.74081237911025 -0.75 0 0 0 1 
1 110.83172147001935 0.75 0 0 0 1 
1 101.74081237911025 0.75 0 0 0 1 
1 110.83172147001935 -12.355415860735009 0 0 0 1 
1 101.74081237911025 -12.355415860735009 0 0 0 1 
1 110.83172147001935 -10.855415860735009 0 0 0 1 
1 101.74081237911025 -10.855415860735009 0 0 0 1 
1 135.92940038684719 -41.199226305609287 0 0 0 1 
1 129.64119922630562 -36.750483558994198 0 0 0 1 
1 129.64119922630562 -25.725338491295936 0 0 0 1 
1 132.64119922630562 -36.750483558994198 0 0 0 1 
1 132.64119922630562 -25.725338491295936 0 0 0 1 
1 92.795938104448737 -9.2843326885880071 0 0 0 1 
1 76.595744680851084 -11.77514506769826 0 0 0 1 
1 66.92456479690523 -11.77514506769826 0 0 0 1 
1 76.595744680851084 -10.27514506769826 0 0 0 1 
1 66.92456479690523 -10.27514506769826 0 0 0 1 
1 73.453578336557058 -23.791102514506772 0 0 0 1 
1 15.426499032882012 -23.210831721470019 0 0 0 1 
1 137.28336557059961 41.199226305609287 0 0 0 1 
1 133.2212546104233 36.725063481179269 0 0 0 1 
1 133.0278310127444 25.313071218123177 0 0 0 1 
1 130.22168542826137 36.775903636809126 0 0 0 1 
1 130.02826183058247 25.363911373753034 0 0 0 1 
1 66.92456479690523 39.651837524177949 0 0 0 1 
1 0 40.232108317214703 0 0 0 1 
1 82.978723404255319 20.889748549323016 0 0 0 1 
1 123.21083172147002 20.889748549323016 0 0 0 1 
1 126.11218568665377 23.984526112185687 0 0 0 1 
1 128.23984526112187 40.618955512572533 0 0 0 1 
1 129.59381044487426 44.100580270793039 0 0 0 1 
1 133.07543520309477 46.808510638297875 0 0 0 1 
1 136.55705996131528 47.775628626692459 0 0 0 1 
1 140.23210831721471 46.034816247582206 0 0 0 1 
1 142.16634429400386 42.553191489361701 0 0 0 1 
1 140.23210831721471 37.137330754352028 0 0 0 1 
1 139.26499032882012 21.47001934235977 0 0 0 1 
1 141.58607350096713 19.148936170212767 0 0 0 1 
1 171.56673114119923 19.148936170212767 0 0 0 1 
1 172 18.676279233339187 6 -0 0 1 
1 172 30 24 1 0 0 
1 172 30 0 0 0 1 
1 174 30 0 0 0 1 
1 172 -30 24 1 0 0 
1 172 30 24 0 -1 0 
1 174 30 24 0 -1 0 
1 174 -30 24 0 0 -1 
2 174 27 12 1 0 0 0 1 0 0 0 1 1.5
2 174 15 12 1 0 0 0 1 0 0 0 1 9.5
2 174 -4 21 -1 0 -0 0 0 -1 0 -1 -0 1.25
1 174 4 19.75 0 -1 0 
1 174 -4 22.25 0 1 0 
2 174 4 21 -1 0 0 0 0 1 0 1 0 1.25
2 174 -15 12 1 0 0 0 1 0 0 0 1 9.5
2 174 -27 12 1 0 0 0 1 0 0 0 1 1.5
1 172 -25.5 12 1 0 0 
2 172 -27 12 1 0 0 0 1 0 0 0 1 1.5
1 172 -5.5 12 1 0 0 
2 172 -15 12 1 0 0 0 1 0 0 0 1 9.5
1 172 4 22.25 1 0 0 
1 172 4 19.75 1 0 0 
2 172 4 21 -1 0 0 0 0 1 0 1 0 1.25
1 172 -4 22.25 1 0 0 
1 172 -4 22.25 0 1 0 
1 172 -4 19.75 1 0 0 
1 172 4 19.75 0 -1 0 
2 172 -4 21 -1 0 -0 0 0 -1 0 -1 -0 1.25
1 172 24.5 12 1 0 0 
2 172 15 12 1 0 0 0 1 0 0 0 1 9.5
1 172 28.5 12 1 0 0 
2 172 27 12 1 0 0 0 1 0 0 0 1 1.5
1 172 -30 24 0 0 -1 
1 172 -19.922630560928432 6 0 0 -1 
1 141.3926499032882 -19.922630560928432 0 0 0 1 
1 139.26499032882012 -24.177949709864603 0 0 0 1 
1 140.61895551257254 -28.239845261121857 0 0 0 1 
1 140.81237911025144 -43.133462282398455 0 0 0 1 
1 137.9110251450677 -46.228239845261122 0 0 0 1 
1 133.4622823984526 -47.775628626692459 0 0 0 1 
1 129.40038684719536 -45.647969052224369 0 0 0 1 
1 127.07930367504835 -41.392649903288202 0 0 0 1 
1 125.53191489361703 -22.243713733075435 0 0 0 1 
1 118.23984526112184 -20 5.25 -0 0 -1 
1 83 -20 21 0 0 -1 
1 83 -19.148936170212767 10.5 0 0 -1 
1 82.205029013539658 -19.148936170212767 0 0 0 1 
1 65.764023210831724 -37.330754352030951 0 0 0 1 
1 64 -37.330754352030951 0 0 -0 1 
1 64 -38.5 0 0 0 1 
1 0 -38.5 7 0 0 -1 
Polygon3D 0
PolygonOnTriangulations 0
Surfaces 258
1 88.104915746493006 0.71716635184083721 0 0 0 1 1 0 -0 -0 1 0 
1 30.428571428571427 -38.5 13.5 -0 -1 -0 0 0 -1 1 -0 0 
1 0 -36.5 0 -0 0 1 1 0 0 0 1 -0 
1 64 -36.5 0 -1 0 0 0 0 1 0 1 -0 
1 88.104915746493006 0.71716635184083721 0 0 0 1 1 0 -0 -0 1 0 
1 0 -37.330754352030951 0 0 1 0 1 0 0 0 0 -1 
1 65.764023210831724 -37.330754352030951 0 -0.7417226863378118 0.6707066844544044 0 0.6707066844544044 0.7417226863378118 0 0 0 -1 
1 82.205029013539658 -19.148936170212767 0 0 1 0 1 0 0 0 0 -1 
1 83 -18 0 -0 0 1 1 0 0 0 1 -0 
1 83 -18 21 1 0 0 0 0 -1 -0 1 0 
1 102.5 -20 10.5 -0 -1 -0 0 0 -1 1 -0 0 
1 115.47388781431334 -19.148936170212767 0 0.2940858488375227 0.95577900872195021 -0 0.95577900872195021 -0.2940858488375227 0 0 -0 -1 
1 141.3926499032882 -19.922630560928432 0 0 1 0 1 0 0 0 0 -1 
1 172 0 12 1 0 0 -0 0 1 0 -1 0 
1 172 -30 0 0 0 1 0 1 0 -1 0 0 
1 172 -30 24 -0 1 0 0 0 -1 -1 0 -0 
1 174 0 12 1 0 0 -0 0 1 0 -1 0 
1 172 30 0 0 -1 0 0 0 1 -1 0 0 
1 173.69439071566731 16.827852998065765 0 -0.73715414020074177 -0.67572462851734594 0 -0.67572462851734594 0.73715414020074177 0 -0 0 -1 
1 82.978723404255319 20.889748549323016 0 -0.75980925198282467 -0.65014606097499394 0 -0.65014606097499394 0.75980925198282467 0 -0 0 -1 
2 131.52804642166342 25.338491295938105 0 0 -0 -1 0.99985639405397353 -0.016946718543286336 0 -0.016946718543286336 -0.99985639405397353 0 1.5
1 131.62475822050288 31.044487427466144 0 -0 -0 -1 -1 0 0 0 1 -0 
1 130.02826183058247 25.363911373753034 0 -0.99985639405397353 0.016946718543286336 0 0.016946718543286336 0.99985639405397353 0 0 0 -1 
2 131.72147001934235 36.750483558994198 0 0 0 -1 -0.99985639405397353 0.016946718543286336 0 0.016946718543286336 0.99985639405397353 0 1.5
1 133.2212546104233 36.725063481179269 0 0.99985639405397353 -0.016946718543286336 0 -0.016946718543286336 -0.99985639405397353 0 0 -0 -1 
2 135.78336557059961 41.199226305609287 0 -0 -0 -1 1 0 0 0 1 0 1.5
1 135.78336557059959 41.19922630560928 0 0 0 1 1 0 -0 -0 1 0 
2 13.926499032882012 -23.210831721470019 0 -0 -0 -1 1 0 0 0 1 0 1.5
1 13.926499032882012 -23.210831721470019 0 0 0 1 1 0 -0 -0 1 0 
2 71.953578336557058 -23.791102514506772 0 -0 -0 -1 1 0 0 0 1 0 1.5
1 71.953578336557044 -23.791102514506772 0 0 0 1 1 0 -0 -0 1 0 
2 66.92456479690523 -11.02514506769826 0 0 -0 -1 0 -1 0 -1 -0 0 0.75
1 71.760154738878157 -11.02514506769826 0 -0 -0 -1 -1 0 0 0 1 -0 
1 66.92456479690523 -10.27514506769826 0 0 1 0 1 0 0 0 0 -1 
2 76.595744680851084 -11.02514506769826 0 0 0 -1 0 1 0 1 0 0 0.75
1 76.595744680851084 -11.77514506769826 0 0 -1 0 -1 0 0 -0 -0 -1 
2 91.295938104448737 -9.2843326885880071 0 -0 -0 -1 1 0 0 0 1 0 1.5
1 91.295938104448737 -9.2843326885880071 0 0 0 1 1 0 -0 -0 1 0 
2 131.14119922630562 -25.725338491295936 0 -0 0 -1 -1 -1.1102230246251565e-16 0 -1.1102230246251565e-16 1 0 1.5
1 131.14119922630562 -31.23791102514507 0 -0 -0 -1 -1 0 0 0 1 -0 
1 132.64119922630562 -25.725338491295936 0 1 1.1102230246251565e-16 -0 1.1102230246251565e-16 -1 0 0 -0 -1 
2 131.14119922630562 -36.750483558994198 0 0 0 -1 1 1.1102230246251565e-16 0 1.1102230246251565e-16 -1 0 1.5
1 129.64119922630562 -36.750483558994198 0 -1 -1.1102230246251565e-16 0 -1.1102230246251565e-16 1 0 -0 0 -1 
2 134.42940038684719 -41.199226305609287 0 -0 -0 -1 1 0 0 0 1 0 1.5
1 134.42940038684719 -41.19922630560928 0 0 0 1 1 0 -0 -0 1 0 
2 101.74081237911025 -11.605415860735009 0 0 -0 -1 0 -1 0 -1 -0 0 0.75
1 106.28626692456481 -11.605415860735011 0 -0 -0 -1 -1 0 0 0 1 -0 
1 101.74081237911025 -10.855415860735009 0 0 1 0 1 0 0 0 0 -1 
2 110.83172147001935 -11.605415860735009 0 0 0 -1 0 1 0 1 0 0 0.75
1 110.83172147001935 -12.355415860735009 0 0 -1 0 -1 0 0 -0 -0 -1 
2 101.74081237911025 0 0 0 -0 -1 0 -1 0 -1 -0 0 0.75
1 106.28626692456481 -2.4473854250253945e-18 0 -0 -0 -1 -1 0 0 0 1 -0 
1 101.74081237911025 0.75 0 0 1 0 1 0 0 0 0 -1 
2 110.83172147001935 0 0 0 0 -1 0 1 0 1 0 0 0.75
1 110.83172147001935 -0.75 0 0 -1 0 -1 0 0 -0 -0 -1 
2 124.17794970986461 6.1895551257253398 0 -0 0 -1 -1 -1.1102230246251565e-16 0 -1.1102230246251565e-16 1 0 3
1 124.17794970986459 -0.58027079303674933 0 -0 -0 -1 -1 0 0 0 1 -0 
1 127.17794970986461 6.1895551257253398 0 1 1.1102230246251565e-16 -0 1.1102230246251565e-16 -1 0 0 -0 -1 
2 124.17794970986461 -7.3500967117988392 0 0 0 -1 1 1.1102230246251565e-16 0 1.1102230246251565e-16 -1 0 3
1 121.17794970986461 -7.3500967117988392 0 -1 -1.1102230246251565e-16 0 -1.1102230246251565e-16 1 0 -0 0 -1 
2 156.86653771760155 -15.087040618955513 0 -0 -0 -1 1 0 0 0 1 0 1.75
1 156.86653771760152 -15.087040618955511 0 0 0 1 1 0 -0 -0 1 0 
2 166.92456479690523 -13.346228239845262 0 -0 -0 -1 1 0 0 0 1 0 0.69999999999999996
1 166.92456479690523 -13.346228239845262 0 0 0 1 1 0 -0 -0 1 0 
2 166.92456479690523 -11.218568665377177 0 -0 -0 -1 1 0 0 0 1 0 0.69999999999999996
1 166.92456479690523 -11.218568665377175 0 0 0 1 1 0 -0 -0 1 0 
2 135.00967117988395 -8.5106382978723403 0 -0 -0 -1 1 0 0 0 1 0 1.25
1 135.00967117988395 -8.5106382978723403 0 0 0 1 1 0 -0 -0 1 0 
2 166.92456479690523 -9.2843326885880071 0 -0 -0 -1 1 0 0 0 1 0 0.69999999999999996
1 166.92456479690523 -9.2843326885880053 0 0 0 1 1 0 -0 -0 1 0 
2 167.31141199226306 -0.38684719535783368 0 -0 -0 -1 1 0 0 0 1 0 4
1 167.31141199226309 -0.38684719535783352 0 0 0 1 1 0 -0 -0 1 0 
1 42.263056092843335 0.96711798839458429 0 -0 -0 -1 -1 0 0 0 1 -0 
1 37.717601547388782 -6.9632495164410058 0 -1 0 0 0 1 0 0 0 -1 
1 37.717601547388782 8.8974854932301746 0 0 1 0 1 0 0 0 0 -1 
1 46.808510638297875 8.8974854932301746 0 1 0 -0 0 -1 0 0 -0 -1 
1 46.808510638297875 -6.9632495164410058 0 0 -1 0 -1 0 0 -0 -0 -1 
2 66.92456479690523 0.58027079303675044 0 0 -0 -1 0 -1 0 -1 -0 0 0.75
1 71.760154738878157 0.58027079303675044 0 -0 -0 -1 -1 0 0 0 1 -0 
1 66.92456479690523 1.3302707930367506 0 0 1 0 1 0 0 0 0 -1 
2 76.595744680851084 0.58027079303675044 0 0 0 -1 0 1 0 1 0 0 0.75
1 76.595744680851084 -0.16972920696324956 0 0 -1 0 -1 0 0 -0 -0 -1 
2 91.489361702127667 10.251450676982593 0 -0 -0 -1 1 0 0 0 1 0 1.5
1 91.489361702127653 10.251450676982593 0 0 0 1 1 0 -0 -0 1 0 
2 66.92456479690523 12.379110251450678 0 0 -0 -1 0 -1 0 -1 -0 0 0.75
1 71.760154738878157 12.379110251450678 0 -0 -0 -1 -1 0 0 0 1 -0 
1 66.92456479690523 13.129110251450678 0 0 1 0 1 0 0 0 0 -1 
2 76.595744680851084 12.379110251450678 0 0 0 -1 0 1 0 1 0 0 0.75
1 76.595744680851084 11.629110251450678 0 0 -1 0 -1 0 0 -0 -0 -1 
2 13.926499032882012 26.499032882011605 0 -0 -0 -1 1 0 0 0 1 0 1.5
1 13.926499032882012 26.499032882011601 0 0 0 1 1 0 -0 -0 1 0 
2 72.340425531914889 25.145067698259187 0 -0 -0 -1 1 0 0 0 1 0 1.5
1 72.340425531914889 25.145067698259187 0 0 0 1 1 0 -0 -0 1 0 
2 101.74081237911025 11.798839458413926 0 0 -0 -1 0 -1 0 -1 -0 0 0.75
1 106.28626692456481 11.798839458413926 0 -0 -0 -1 -1 0 0 0 1 -0 
1 101.74081237911025 12.548839458413926 0 0 1 0 1 0 0 0 0 -1 
2 110.83172147001935 11.798839458413926 0 0 0 -1 0 1 0 1 0 0 0.75
1 110.83172147001935 11.048839458413926 0 0 -1 0 -1 0 0 -0 -0 -1 
1 135.20309477756285 5.0290135396518378 0 -0 -0 -1 -1 0 0 0 1 -0 
1 129.20696324951643 -6.3829787234042552 0 -1 0 0 0 1 0 0 0 -1 
1 129.20696324951643 16.441005802707931 0 0 1 0 1 0 0 0 0 -1 
1 141.19922630560927 16.441005802707931 0 1 0 -0 0 -1 0 0 -0 -1 
1 141.19922630560927 -6.3829787234042552 0 0 -1 0 -1 0 0 -0 -0 -1 
2 167.50483558994196 7.3500967117988392 0 -0 -0 -1 1 0 0 0 1 0 0.69999999999999996
1 167.50483558994196 7.3500967117988401 0 0 0 1 1 0 -0 -0 1 0 
2 167.50483558994196 9.6711798839458414 0 -0 -0 -1 1 0 0 0 1 0 0.69999999999999996
1 167.50483558994196 9.6711798839458432 0 0 0 1 1 0 -0 -0 1 0 
2 135.39651837524178 19.148936170212767 0 -0 -0 -1 1 0 0 0 1 0 1.25
1 135.39651837524178 19.148936170212767 0 0 0 1 1 0 -0 -0 1 0 
2 157.44680851063831 14.313346228239846 0 -0 -0 -1 1 0 0 0 1 0 1.75
1 157.44680851063831 14.313346228239848 0 0 0 1 1 0 -0 -0 1 0 
2 167.50483558994196 11.992263056092844 0 -0 -0 -1 1 0 0 0 1 0 0.69999999999999996
1 167.50483558994196 11.992263056092842 0 0 0 1 1 0 -0 -0 1 0 
2 167.50483558994196 14.119922630560929 0 -0 -0 -1 1 0 0 0 1 0 0.69999999999999996
1 167.50483558994196 14.11992263056093 0 0 0 1 1 0 -0 -0 1 0 
1 167.50483558994196 14.11992263056093 2 0 0 1 1 0 -0 -0 1 0 
1 88.104915746493006 0.71716635184083721 2 0 0 1 1 0 -0 -0 1 0 
2 172 4 3.5 -1 0 0 0 0 1 0 1 0 1.75
1 173.69439071566731 -17.988394584139265 0 -1 0 0 0 1 0 0 0 -1 
2 172 -4 3.5 -1 0 -0 0 0 -1 0 -1 -0 1.75
1 122 -18 0 -1 0 0 0 0 1 0 1 -0 
1 102.5 -18 10.5 -0 -1 -0 0 0 -1 1 -0 0 
1 30.428571428571427 -36.5 13.5 -0 -1 -0 0 0 -1 1 -0 0 
1 0 40.232108317214703 0 1 0 -0 0 -1 0 0 -0 -1 
1 0 -16 24 -0 1 0 0 0 -1 -1 0 -0 
1 2 0 12 1 0 0 -0 0 1 0 -1 0 
1 0 16 0 0 -1 0 0 0 1 -1 0 0 
1 30.428571428571427 36 13.5 -0 -1 -0 0 0 -1 1 -0 0 
1 64 38 0 -1 0 0 0 0 1 0 1 -0 
1 30.428571428571427 38 13.5 -0 -1 -0 0 0 -1 1 -0 0 
1 13.926499032882012 -23.210831721470019 2 0 0 1 1 0 -0 -0 1 0 
1 71.953578336557044 -23.791102514506772 2 0 0 1 1 0 -0 -0 1 0 
1 71.760154738878157 -11.02514506769826 2 -0 -0 -1 -1 0 0 0 1 -0 
1 91.295938104448737 -9.2843326885880071 2 0 0 1 1 0 -0 -0 1 0 
1 131.14119922630562 -31.23791102514507 2 -0 -0 -1 -1 0 0 0 1 -0 
1 134.42940038684719 -41.19922630560928 2 0 0 1 1 0 -0 -0 1 0 
1 106.28626692456481 -11.605415860735011 2 -0 -0 -1 -1 0 0 0 1 -0 
1 106.28626692456481 -2.4473854250253945e-18 2 -0 -0 -1 -1 0 0 0 1 -0 
1 124.17794970986459 -0.58027079303674933 2 -0 -0 -1 -1 0 0 0 1 -0 
1 156.86653771760152 -15.087040618955511 2 0 0 1 1 0 -0 -0 1 0 
1 166.92456479690523 -13.346228239845262 2 0 0 1 1 0 -0 -0 1 0 
1 166.92456479690523 -11.218568665377175 2 0 0 1 1 0 -0 -0 1 0 
1 135.00967117988395 -8.5106382978723403 2 0 0 1 1 0 -0 -0 1 0 
1 166.92456479690523 -9.2843326885880053 2 0 0 1 1 0 -0 -0 1 0 
1 167.31141199226309 -0.38684719535783352 2 0 0 1 1 0 -0 -0 1 0 
1 42.263056092843335 0.96711798839458429 2 -0 -0 -1 -1 0 0 0 1 -0 
1 71.760154738878157 0.58027079303675044 2 -0 -0 -1 -1 0 0 0 1 -0 
1 91.489361702127653 10.251450676982593 2 0 0 1 1 0 -0 -0 1 0 
1 71.760154738878157 12.379110251450678 2 -0 -0 -1 -1 0 0 0 1 -0 
1 13.926499032882012 26.499032882011601 2 0 0 1 1 0 -0 -0 1 0 
1 72.340425531914889 25.145067698259187 2 0 0 1 1 0 -0 -0 1 0 
1 106.28626692456481 11.798839458413926 2 -0 -0 -1 -1 0 0 0 1 -0 
1 102.5 17 10.5 -0 -1 -0 0 0 -1 1 -0 0 
1 83 19 21 1 0 0 0 0 -1 -0 1 0 
1 122 19 0 -1 0 0 0 0 1 0 1 -0 
1 102.5 19 10.5 -0 -1 -0 0 0 -1 1 -0 0 
1 135.20309477756285 5.0290135396518378 2 -0 -0 -1 -1 0 0 0 1 -0 
1 167.50483558994196 7.3500967117988401 2 0 0 1 1 0 -0 -0 1 0 
1 167.50483558994196 9.6711798839458432 2 0 0 1 1 0 -0 -0 1 0 
1 135.39651837524178 19.148936170212767 2 0 0 1 1 0 -0 -0 1 0 
1 157.44680851063831 14.313346228239848 2 0 0 1 1 0 -0 -0 1 0 
1 167.50483558994196 11.992263056092842 2 0 0 1 1 0 -0 -0 1 0 
1 131.62475822050288 31.044487427466144 2 -0 -0 -1 -1 0 0 0 1 -0 
1 135.78336557059959 41.19922630560928 2 0 0 1 1 0 -0 -0 1 0 
2 88 19 17 0 1 0 0 0 -1 -1 0 -0 1.5
1 102.50000000000001 19 17 0 1 0 0 -0 1 1 0 -0 
1 117 19 15.5 -0 -0 -1 -1 0 0 0 1 -0 
1 88 19 18.5 -0 0 1 1 0 0 0 1 -0 
2 117 19 17 0 1 0 0 0 1 1 0 0 1.5
1 102.50000000000001 17 17 0 1 0 0 -0 1 1 0 -0 
1 122 19 21 -0 -0 -1 -1 0 0 0 1 -0 
1 0 38 7 1 0 0 0 0 -1 -0 1 0 
2 20 38 23 -0 1 -0 1 0 0 0 0 1 1.5
1 20 38 23 -0 -1 -0 0 0 -1 1 -0 0 
2 20 38 6 -0 1 -0 1 0 0 0 0 1 1.5
1 20 38 6 -0 -1 -0 0 0 -1 1 -0 0 
2 41 38 14 -0 1 -0 1 0 0 0 0 1 6
1 40.999999999999993 38 14 -0 -1 -0 0 0 -1 1 -0 0 
1 40.999999999999993 36 14 -0 -1 -0 0 0 -1 1 -0 0 
1 20 36 6 -0 -1 -0 0 0 -1 1 -0 0 
1 20 36 23 -0 -1 -0 0 0 -1 1 -0 0 
1 64 38 27 -0 -0 -1 -1 0 0 0 1 -0 
1 0 38 27 1 0 0 0 0 -1 -0 1 0 
1 0 38 20 -0 0 1 1 0 0 0 1 -0 
1 7 38 20 1 0 0 0 0 -1 -0 1 0 
1 7 38 7 -0 -0 -1 -1 0 0 0 1 -0 
1 0 0 12 1 0 0 -0 0 1 0 -1 0 
1 0 16 24 0 0 -1 0 -1 0 -1 -0 -0 
2 0 0 12 -1 -0 -0 0 1 0 0 0 1 6
1 2 -3.4186003313485582e-16 12 1 0 0 -0 0 1 0 -1 0 
1 0 -3.4186003313485582e-16 12 1 0 0 -0 0 1 0 -1 0 
1 0 -36.5 7 1 0 0 0 0 -1 -0 1 0 
2 20 -36.5 23 -0 1 -0 1 0 0 0 0 1 1.5
1 20 -36.499999999999993 23 -0 -1 -0 0 0 -1 1 -0 0 
2 20 -36.5 6 -0 1 -0 1 0 0 0 0 1 1.5
1 20 -36.499999999999993 6 -0 -1 -0 0 0 -1 1 -0 0 
2 41 -36.5 14 -0 1 -0 1 0 0 0 0 1 6
1 40.999999999999993 -36.499999999999993 14 -0 -1 -0 0 0 -1 1 -0 0 
1 40.999999999999993 -38.499999999999993 14 -0 -1 -0 0 0 -1 1 -0 0 
1 20 -38.499999999999993 6 -0 -1 -0 0 0 -1 1 -0 0 
1 20 -38.499999999999993 23 -0 -1 -0 0 0 -1 1 -0 0 
1 64 -36.5 27 -0 -0 -1 -1 0 0 0 1 -0 
1 0 -36.5 27 1 0 0 0 0 -1 -0 1 0 
1 0 -36.5 20 -0 0 1 1 0 0 0 1 -0 
1 7 -36.5 20 1 0 0 0 0 -1 -0 1 0 
1 7 -36.5 7 -0 -0 -1 -1 0 0 0 1 -0 
2 88 -18 17 0 1 0 0 0 -1 -1 0 -0 1.5
1 102.50000000000001 -18 17 0 1 0 0 -0 1 1 0 -0 
1 117 -18 15.5 -0 -0 -1 -1 0 0 0 1 -0 
1 88 -18 18.5 -0 0 1 1 0 0 0 1 -0 
2 117 -18 17 0 1 0 0 0 1 1 0 0 1.5
1 102.50000000000001 -20 17 0 1 0 0 -0 1 1 0 -0 
1 122 -18 21 -0 -0 -1 -1 0 0 0 1 -0 
1 172 -1.6758083390568402e-16 3.5 -1 -0 -0 0 0 -1 0 -1 0 
1 172 -4 5.25 0 0 1 0 1 0 -1 0 0 
1 174 -1.6758083390568402e-16 3.5 -1 -0 -0 0 0 -1 0 -1 0 
1 172 4 1.75 0 0 -1 0 -1 0 -1 -0 -0 
1 66.92456479690523 39.651837524177949 0 -0.0086701943337461878 -0.99996241315872225 0 -0.99996241315872225 0.0086701943337461878 0 -0 0 -1 
1 123.21083172147002 20.889748549323016 0 0 -1 0 -1 0 0 -0 -0 -1 
1 126.11218568665377 23.984526112185687 0 0.72953720414008461 -0.68394112888133052 0 -0.68394112888133052 -0.72953720414008461 0 0 -0 -1 
1 128.23984526112187 40.618955512572533 0 0.99191892453644204 -0.12687335081280149 0 -0.12687335081280149 -0.99191892453644204 0 0 -0 -1 
1 129.59381044487426 44.100580270793039 0 0.93200467154129829 -0.36244626115494255 0 -0.36244626115494255 -0.93200467154129829 0 0 -0 -1 
1 133.07543520309477 46.808510638297875 0 0.61394061351492035 -0.78935221737632644 0 -0.78935221737632644 -0.61394061351492035 0 0 -0 -1 
1 136.55705996131528 47.775628626692459 0 0.26764386378609445 -0.96351790962994077 0 -0.96351790962994077 -0.26764386378609445 0 0 -0 -1 
1 140.23210831721471 46.034816247582206 0 -0.4280863447390435 -0.90373783889353942 0 -0.90373783889353942 0.4280863447390435 0 -0 0 -1 
1 142.16634429400386 42.553191489361701 0 -0.87415727612153948 -0.48564293117862906 0 -0.48564293117862906 0.87415727612153948 0 -0 0 -1 
1 140.23210831721471 37.137330754352028 0 -0.94174191159483833 0.33633639699815387 0 0.33633639699815387 0.94174191159483833 0 0 0 -1 
1 139.26499032882012 21.47001934235977 0 -0.99810023005596848 0.061611125312097281 0 0.061611125312097281 0.99810023005596848 0 0 0 -1 
1 141.58607350096713 19.148936170212767 0 -0.70710678118654602 -0.70710678118654924 0 -0.70710678118654924 0.70710678118654602 0 -0 0 -1 
1 171.56673114119923 19.148936170212767 0 0 -1 0 -1 0 0 -0 -0 -1 
1 172 30 24 0 0 -1 0 -1 0 -1 -0 -0 
2 172 27 12 -1 -0 -0 0 1 0 0 0 1 1.5
1 173.99999999999997 27 12 1 0 0 -0 0 1 0 -1 0 
2 172 15 12 -1 -0 -0 0 1 0 0 0 1 9.5
1 174 14.999999999999998 12 1 0 0 -0 0 1 0 -1 0 
2 172 -4 21 -1 0 -0 0 0 -1 0 -1 -0 1.25
1 174 -9.4487065925545238e-17 21 -1 -0 -0 0 0 -1 0 -1 0 
1 172 4 19.75 0 0 -1 0 -1 0 -1 -0 -0 
1 172 -4 22.25 0 0 1 0 1 0 -1 0 0 
2 172 4 21 -1 0 0 0 0 1 0 1 0 1.25
2 172 -15 12 -1 -0 -0 0 1 0 0 0 1 9.5
1 174 -15.000000000000002 12 1 0 0 -0 0 1 0 -1 0 
2 172 -27 12 -1 -0 -0 0 1 0 0 0 1 1.5
1 173.99999999999997 -27 12 1 0 0 -0 0 1 0 -1 0 
1 171.99999999999997 -27 12 1 0 0 -0 0 1 0 -1 0 
1 172 -15.000000000000002 12 1 0 0 -0 0 1 0 -1 0 
1 172 -9.4487065925545238e-17 21 -1 -0 -0 0 0 -1 0 -1 0 
1 172 14.999999999999998 12 1 0 0 -0 0 1 0 -1 0 
1 171.99999999999997 27 12 1 0 0 -0 0 1 0 -1 0 
1 139.26499032882012 -24.177949709864603 0 -0.89442719099991608 0.44721359549995771 0 0.44721359549995771 0.89442719099991608 0 0 0 -1 
1 140.61895551257254 -28.239845261121857 0 -0.94868329805051366 -0.31622776601683872 0 -0.31622776601683872 0.94868329805051366 0 -0 0 -1 
1 140.81237911025144 -43.133462282398455 0 -0.99991567941297888 -0.012985917914453218 0 -0.012985917914453218 0.99991567941297888 0 -0 0 -1 
1 137.9110251450677 -46.228239845261122 0 -0.72953720414008583 0.68394112888132907 0 0.68394112888132907 0.72953720414008583 0 0 0 -1 
1 133.4622823984526 -47.775628626692459 0 -0.32852062494127265 0.94449679670615927 0 0.94449679670615927 0.32852062494127265 0 0 0 -1 
1 129.40038684719536 -45.647969052224369 0 0.46400699467056 0.88583153528015424 -0 0.88583153528015424 -0.46400699467056 0 0 -0 -1 
1 127.07930367504835 -41.392649903288202 0 0.87789557291438325 0.47885213068057536 -0 0.47885213068057536 -0.87789557291438325 0 0 -0 -1 
1 125.53191489361703 -22.243713733075435 0 0.99675093059305175 0.080545529744892458 -0 0.080545529744892458 -0.99675093059305175 0 0 -0 -1 
1 0 40.232108317214703 0 1 0 -0 0 -1 0 0 -0 -1 
Triangulations 0

TShapes 1191
Ve
1e-07
0 -38.5 0
0 0

0101101
*
Ve
1e-07
0 40.2321083172147 0
0 0

0101101
*
Ed
 1e-07 1 1 0
1  1 0 0 78.7321083172147
0

0101000
+1191 0 -1190 0 *
Ve
1e-07
64 -38.5 0
0 0

0101101
*
Ed
 1e-07 1 1 0
1  2 0 0 64
2  1 2 0 0 64
2  2 3 0 0 64
0

0101000
+1191 0 -1188 0 *
Ve
1.5e-07
64 -37.330754352031 0
0 0

0101101
*
Ed
 1e-07 1 1 0
1  3 0 0.830754352030951 2
2  3 3 0 0.830754352030951 2
2  4 4 0 0.830754352030951 2
0

0101000
+1186 0 -1188 0 *
Ve
1e-07
65.7640232108317 -37.330754352031 0
0 0

0101101
*
Ed
 1e-07 1 1 0
1  4 0 64 65.7640232108317
2  5 5 0 64 65.7640232108317
2  6 6 0 64 65.7640232108317
0

0101000
+1186 0 -1184 0 *
Ve
1e-07
82.2050290135397 -19.1489361702128 0
0 0

0101101
*
Ed
 1e-07 1 1 0
1  5 0 0 24.5129595153537
2  7 5 0 0 24.5129595153537
2  8 7 0 0 24.5129595153537
0

0101000
+1184 0 -1182 0 *
Ve
1.5e-07
83 -19.1489361702128 0
0 0

0101101
*
Ed
 1e-07 1 1 0
1  6 0 0 0.794970986460342
2  9 5 0 0 0.794970986460342
2  10 8 0 0 0.794970986460342
0

0101000
+1182 0 -1180 0 *
Ve
1e-07
83 -20 0
0 0

0101101
*
Ed
 1e-07 1 1 0
1  7 0 1.14893617021277 2
2  11 9 0 1.14893617021277 2
2  12 10 0 1.14893617021277 2
0

0101000
+1180 0 -1178 0 *
Ve
1.50000028421709e-07
118.239845261122 -20 0
0 0

0101101
*
Ed
 1e-07 1 1 0
1  8 0 0 35.2398452611219
2  13 11 0 0 35.2398452611219
2  14 9 0 0 35.2398452611219
0

0101000
+1178 0 -1176 0 *
Ve
1e-07
125.531914893617 -22.2437137330754 0
0 0

0101101
*
Ed
 1e-07 1 1 0
1  9 0 2.89392989547564 10.5233814380932
2  15 5 0 2.89392989547564 10.5233814380932
2  16 12 0 2.89392989547564 10.5233814380932
0

0101000
+1176 0 -1174 0 *
Ve
1e-07
127.079303675048 -41.3926499032882 0
0 0

0101101
*
Ed
 1e-07 1 1 0
1  10 0 0 19.2113551966482
2  17 5 0 0 19.2113551966482
0

0101000
+1174 0 -1172 0 *
Ve
1e-07
129.400386847195 -45.6479690522244 0
0 0

0101101
*
Ed
 1e-07 1 1 0
1  11 0 0 4.84718146465829
2  18 5 0 0 4.84718146465829
0

0101000
+1172 0 -1170 0 *
Ve
1e-07
133.462282398453 -47.7756286266925 0
0 0

0101101
*
Ed
 1e-07 1 1 0
1  12 0 0 4.58540409714881
2  19 5 0 0 4.58540409714881
0

0101000
+1170 0 -1168 0 *
Ve
1e-07
137.911025145068 -46.2282398452611 0
0 0

0101101
*
Ed
 1e-07 1 1 0
1  13 0 0 4.71017240305066
2  20 5 0 0 4.71017240305066
0

0101000
+1168 0 -1166 0 *
Ve
1e-07
140.812379110251 -43.1334622823985 0
0 0

0101101
*
Ed
 1e-07 1 1 0
1  14 0 0 4.24211067687839
2  21 5 0 0 4.24211067687839
0

0101000
+1166 0 -1164 0 *
Ve
1e-07
140.618955512573 -28.2398452611219 0
0 0

0101101
*
Ed
 1e-07 1 1 0
1  15 0 0 14.8948729657087
2  22 5 0 0 14.8948729657087
0

0101000
+1164 0 -1162 0 *
Ve
1e-07
139.26499032882 -24.1779497098646 0
0 0

0101101
*
Ed
 1e-07 1 1 0
1  16 0 0 4.28161385322605
2  23 5 0 0 4.28161385322605
0

0101000
+1162 0 -1160 0 *
Ve
1e-07
141.392649903288 -19.9226305609284 0
0 0

0101101
*
Ed
 1e-07 1 1 0
1  17 0 0 4.75759144148891
2  24 5 0 0 4.75759144148891
0

0101000
+1160 0 -1158 0 *
Ve
1.5e-07
172 -19.9226305609284 0
0 0

0101101
*
Ed
 1e-07 1 1 0
1  18 0 0 30.6073500967118
2  25 5 0 0 30.6073500967118
2  26 13 0 0 30.6073500967118
0

0101000
+1158 0 -1156 0 *
Ve
1e-07
172 -30 0
0 0

0101101
*
Ed
 1e-07 1 1 0
1  19 0 0 10.0773694390716
2  27 14 0 0 10.0773694390716
2  28 15 0 0 10.0773694390716
0

0101000
+1154 0 -1156 0 *
Ve
1e-07
174 -30 0
0 0

0101101
*
Ed
 1e-07 1 1 0
1  20 0 0 2
2  29 15 0 0 2
2  30 16 0 0 2
0

0101000
+1154 0 -1152 0 *
Ve
1e-07
174 30 0
0 0

0101101
*
Ed
 1e-07 1 1 0
1  21 0 0 60
2  31 17 0 0 60
2  32 15 0 0 60
0

0101000
+1152 0 -1150 0 *
Ve
1e-07
172 30 0
0 0

0101101
*
Ed
 1e-07 1 1 0
1  22 0 0 2
2  33 15 0 0 2
2  34 18 0 0 2
0

0101000
+1148 0 -1150 0 *
Ve
1.50000007105427e-07
172 18.6762792333392 0
0 0

0101101
*
Ed
 1e-07 1 1 0
1  19 0 48.6762792333392 60
2  27 14 0 48.6762792333392 60
2  28 15 0 48.6762792333392 60
0

0101000
+1146 0 -1148 0 *
Ve
1e-07
171.566731141199 19.1489361702128 0
0 0

0101101
*
Ed
 1e-07 1 1 0
1  23 0 2.50751658909501 3.14870804566725
2  35 5 0 2.50751658909501 3.14870804566725
2  36 19 0 2.50751658909501 3.14870804566725
0

0101000
+1146 0 -1144 0 *
Ve
1e-07
141.586073500967 19.1489361702128 0
0 0

0101101
*
Ed
 1e-07 1 1 0
1  24 0 0 29.9806576402321
2  37 5 0 0 29.9806576402321
0

0101000
+1144 0 -1142 0 *
Ve
1e-07
139.26499032882 21.4700193423598 0
0 0

0101101
*
Ed
 1e-07 1 1 0
1  25 0 0 3.28250730144626
2  38 5 0 0 3.28250730144626
0

0101000
+1142 0 -1140 0 *
Ve
1e-07
140.232108317215 37.137330754352 0
0 0

0101101
*
Ed
 1e-07 1 1 0
1  26 0 0 15.6971323522425
2  39 5 0 0 15.6971323522425
0

0101000
+1140 0 -1138 0 *
Ve
1e-07
142.166344294004 42.5531914893617 0
0 0

0101101
*
Ed
 1e-07 1 1 0
1  27 0 0 5.7508970008969
2  40 5 0 0 5.7508970008969
0

0101000
+1138 0 -1136 0 *
Ve
1e-07
140.232108317215 46.0348162475822 0
0 0

0101101
*
Ed
 1e-07 1 1 0
1  28 0 0 3.98283564448239
2  41 5 0 0 3.98283564448239
0

0101000
+1136 0 -1134 0 *
Ve
1e-07
136.557059961315 47.7756286266925 0
0 0

0101101
*
Ed
 1e-07 1 1 0
1  29 0 0 4.0664982672396
2  42 5 0 0 4.0664982672396
0

0101000
+1134 0 -1132 0 *
Ve
1e-07
133.075435203095 46.8085106382979 0
0 0

0101101
*
Ed
 1e-07 1 1 0
1  30 0 0 3.61345100430743
2  43 5 0 0 3.61345100430743
0

0101000
+1132 0 -1130 0 *
Ve
1e-07
129.593810444874 44.100580270793 0
0 0

0101101
*
Ed
 1e-07 1 1 0
1  31 0 0 4.41073665415527
2  44 5 0 0 4.41073665415527
0

0101000
+1130 0 -1128 0 *
Ve
1e-07
128.239845261122 40.6189555125725 0
0 0

0101101
*
Ed
 1e-07 1 1 0
1  32 0 0 3.73563015780037
2  45 5 0 0 3.73563015780037
0

0101000
+1128 0 -1126 0 *
Ve
1e-07
126.112185686654 23.9845261121857 0
0 0

0101101
*
Ed
 1e-07 1 1 0
1  33 0 0 16.7699486207108
2  46 5 0 0 16.7699486207108
0

0101000
+1126 0 -1124 0 *
Ve
1e-07
123.21083172147 20.889748549323 0
0 0

0101101
*
Ed
 1e-07 1 1 0
1  34 0 0 4.2421106768784
2  47 5 0 0 4.2421106768784
0

0101000
+1124 0 -1122 0 *
Ve
1e-07
82.9787234042553 20.889748549323 0
0 0

0101101
*
Ed
 1e-07 1 1 0
1  35 0 0 40.2321083172147
2  48 5 0 0 40.2321083172147
0

0101000
+1122 0 -1120 0 *
Ve
1e-07
66.9245647969052 39.6518375241779 0
0 0

0101101
*
Ed
 1e-07 1 1 0
1  36 0 0 24.6931567704562
2  49 5 0 0 24.6931567704562
2  50 20 0 0 24.6931567704562
0

0101000
+1120 0 -1118 0 *
Ed
 1e-07 1 1 0
1  37 0 0 66.9270803744524
2  51 5 0 0 66.9270803744524
0

0101000
+1118 0 -1190 0 *
Wi

0101100
-1189 0 +1187 0 -1185 0 +1183 0 +1181 0 +1179 0 +1177 0 +1175 0 +1173 0 +1171 0 
+1169 0 +1167 0 +1165 0 +1163 0 +1161 0 +1159 0 +1157 0 +1155 0 -1153 0 +1151 0 
+1149 0 -1147 0 -1145 0 +1143 0 +1141 0 +1139 0 +1137 0 +1135 0 +1133 0 +1131 0 
+1129 0 +1127 0 +1125 0 +1123 0 +1121 0 +1119 0 +1117 0 +1116 0 *
Ve
1e-07
133.027831012744 25.3130712181232 0
0 0

0101101
*
Ve
1e-07
130.028261830582 25.363911373753 0
0 0

0101101
*
Ed
 1e-07 1 1 0
1  38 0 0 3.14159265358979
2  52 21 0 0 3.14159265358979
2  53 22 0 0 3.14159265358979
2  54 5 0 0 3.14159265358979
0

0101000
+1114 0 -1113 0 *
Ve
1e-07
130.221685428261 36.7759036368091 0
0 0

0101101
*
Ed
 1e-07 1 1 0
1  39 0 0 11.4136313283806
2  55 22 0 0 11.4136313283806
2  56 23 0 0 11.4136313283806
2  57 5 0 0 11.4136313283806
0

0101000
+1113 0 -1111 0 *
Ve
1e-07
133.221254610423 36.7250634811793 0
0 0

0101101
*
Ed
 1e-07 1 1 0
1  40 0 0 3.14159265358979
2  58 24 0 0 3.14159265358979
2  59 22 0 0 3.14159265358979
2  60 5 0 0 3.14159265358979
0

0101000
+1111 0 -1109 0 *
Ed
 1e-07 1 1 0
1  41 0 0 11.4136313283806
2  61 22 0 0 11.4136313283806
2  62 25 0 0 11.4136313283806
2  63 5 0 0 11.4136313283806
0

0101000
+1109 0 -1114 0 *
Wi

0101100
+1112 0 +1110 0 +1108 0 +1107 0 *
Ve
1e-07
137.2833655706 41.1992263056093 0
0 0

0101101
*
Ed
 1e-07 1 1 0
1  42 0 0 6.28318530717959
2  64 26 0 0 6.28318530717959
2  65 27 0 0 6.28318530717959
2  66 5 0 0 6.28318530717959
0

0101000
+1105 0 -1105 0 *
Wi

0101100
-1104 0 *
Ve
1e-07
15.426499032882 -23.21083172147 0
0 0

0101101
*
Ed
 1e-07 1 1 0
1  43 0 0 6.28318530717959
2  67 28 0 0 6.28318530717959
2  68 29 0 0 6.28318530717959
2  69 5 0 0 6.28318530717959
0

0101000
+1102 0 -1102 0 *
Wi

0101100
-1101 0 *
Ve
1e-07
73.4535783365571 -23.7911025145068 0
0 0

0101101
*
Ed
 1e-07 1 1 0
1  44 0 0 6.28318530717959
2  70 30 0 0 6.28318530717959
2  71 31 0 0 6.28318530717959
2  72 5 0 0 6.28318530717959
0

0101000
+1099 0 -1099 0 *
Wi

0101100
-1098 0 *
Ve
1e-07
66.9245647969052 -11.7751450676983 0
0 0

0101101
*
Ve
1e-07
66.9245647969052 -10.2751450676983 0
0 0

0101101
*
Ed
 1e-07 1 1 0
1  45 0 0 3.14159265358979
2  73 32 0 0 3.14159265358979
2  74 33 0 0 3.14159265358979
2  75 5 0 0 3.14159265358979
0

0101000
+1096 0 -1095 0 *
Ve
1e-07
76.5957446808511 -10.2751450676983 0
0 0

0101101
*
Ed
 1e-07 1 1 0
1  46 0 0 9.67117988394584
2  76 33 0 0 9.67117988394584
2  77 34 0 0 9.67117988394584
2  78 5 0 0 9.67117988394584
0

0101000
+1095 0 -1093 0 *
Ve
1e-07
76.5957446808511 -11.7751450676983 0
0 0

0101101
*
Ed
 1e-07 1 1 0
1  47 0 0 3.14159265358979
2  79 35 0 0 3.14159265358979
2  80 33 0 0 3.14159265358979
2  81 5 0 0 3.14159265358979
0

0101000
+1093 0 -1091 0 *
Ed
 1e-07 1 1 0
1  48 0 0 9.67117988394584
2  82 33 0 0 9.67117988394584
2  83 36 0 0 9.67117988394584
2  84 5 0 0 9.67117988394584
0

0101000
+1091 0 -1096 0 *
Wi

0101100
+1094 0 +1092 0 +1090 0 +1089 0 *
Ve
1e-07
92.7959381044487 -9.28433268858801 0
0 0

0101101
*
Ed
 1e-07 1 1 0
1  49 0 0 6.28318530717959
2  85 37 0 0 6.28318530717959
2  86 38 0 0 6.28318530717959
2  87 5 0 0 6.28318530717959
0

0101000
+1087 0 -1087 0 *
Wi

0101100
-1086 0 *
Ve
1e-07
129.641199226306 -25.7253384912959 0
0 0

0101101
*
Ve
1e-07
132.641199226306 -25.7253384912959 0
0 0

0101101
*
Ed
 1e-07 1 1 0
1  50 0 0 3.14159265358979
2  88 39 0 0 3.14159265358979
2  89 40 0 0 3.14159265358979
2  90 5 0 0 3.14159265358979
0

0101000
+1084 0 -1083 0 *
Ve
1e-07
132.641199226306 -36.7504835589942 0
0 0

0101101
*
Ed
 1e-07 1 1 0
1  51 0 0 11.0251450676983
2  91 40 0 0 11.0251450676983
2  92 41 0 0 11.0251450676983
2  93 5 0 0 11.0251450676983
0

0101000
+1083 0 -1081 0 *
Ve
1e-07
129.641199226306 -36.7504835589942 0
0 0

0101101
*
Ed
 1e-07 1 1 0
1  52 0 0 3.14159265358979
2  94 42 0 0 3.14159265358979
2  95 40 0 0 3.14159265358979
2  96 5 0 0 3.14159265358979
0

0101000
+1081 0 -1079 0 *
Ed
 1e-07 1 1 0
1  53 0 0 11.0251450676983
2  97 40 0 0 11.0251450676983
2  98 43 0 0 11.0251450676983
2  99 5 0 0 11.0251450676983
0

0101000
+1079 0 -1084 0 *
Wi

0101100
+1082 0 +1080 0 +1078 0 +1077 0 *
Ve
1e-07
135.929400386847 -41.1992263056093 0
0 0

0101101
*
Ed
 1e-07 1 1 0
1  54 0 0 6.28318530717959
2  100 44 0 0 6.28318530717959
2  101 45 0 0 6.28318530717959
2  102 5 0 0 6.28318530717959
0

0101000
+1075 0 -1075 0 *
Wi

0101100
-1074 0 *
Ve
1e-07
101.74081237911 -12.355415860735 0
0 0

0101101
*
Ve
1e-07
101.74081237911 -10.855415860735 0
0 0

0101101
*
Ed
 1e-07 1 1 0
1  55 0 0 3.14159265358979
2  103 46 0 0 3.14159265358979
2  104 47 0 0 3.14159265358979
2  105 5 0 0 3.14159265358979
0

0101000
+1072 0 -1071 0 *
Ve
1e-07
110.831721470019 -10.855415860735 0
0 0

0101101
*
Ed
 1e-07 1 1 0
1  56 0 0 9.09090909090909
2  106 47 0 0 9.09090909090909
2  107 48 0 0 9.09090909090909
2  108 5 0 0 9.09090909090909
0

0101000
+1071 0 -1069 0 *
Ve
1e-07
110.831721470019 -12.355415860735 0
0 0

0101101
*
Ed
 1e-07 1 1 0
1  57 0 0 3.14159265358979
2  109 49 0 0 3.14159265358979
2  110 47 0 0 3.14159265358979
2  111 5 0 0 3.14159265358979
0

0101000
+1069 0 -1067 0 *
Ed
 1e-07 1 1 0
1  58 0 0 9.09090909090909
2  112 47 0 0 9.09090909090909
2  113 50 0 0 9.09090909090909
2  114 5 0 0 9.09090909090909
0

0101000
+1067 0 -1072 0 *
Wi

0101100
+1070 0 +1068 0 +1066 0 +1065 0 *
Ve
1e-07
101.74081237911 -0.75 0
0 0

0101101
*
Ve
1e-07
101.74081237911 0.75 0
0 0

0101101
*
Ed
 1e-07 1 1 0
1  59 0 0 3.14159265358979
2  115 51 0 0 3.14159265358979
2  116 52 0 0 3.14159265358979
2  117 5 0 0 3.14159265358979
0

0101000
+1063 0 -1062 0 *
Ve
1e-07
110.831721470019 0.75 0
0 0

0101101
*
Ed
 1e-07 1 1 0
1  60 0 0 9.09090909090909
2  118 52 0 0 9.09090909090909
2  119 53 0 0 9.09090909090909
2  120 5 0 0 9.09090909090909
0

0101000
+1062 0 -1060 0 *
Ve
1e-07
110.831721470019 -0.75 0
0 0

0101101
*
Ed
 1e-07 1 1 0
1  61 0 0 3.14159265358979
2  121 54 0 0 3.14159265358979
2  122 52 0 0 3.14159265358979
2  123 5 0 0 3.14159265358979
0

0101000
+1060 0 -1058 0 *
Ed
 1e-07 1 1 0
1  62 0 0 9.09090909090909
2  124 52 0 0 9.09090909090909
2  125 55 0 0 9.09090909090909
2  126 5 0 0 9.09090909090909
0

0101000
+1058 0 -1063 0 *
Wi

0101100
+1061 0 +1059 0 +1057 0 +1056 0 *
Ve
1e-07
121.177949709865 6.18955512572534 0
0 0

0101101
*
Ve
1e-07
127.177949709865 6.18955512572534 0
0 0

0101101
*
Ed
 1e-07 1 1 0
1  63 0 0 3.14159265358979
2  127 56 0 0 3.14159265358979
2  128 57 0 0 3.14159265358979
2  129 5 0 0 3.14159265358979
0

0101000
+1054 0 -1053 0 *
Ve
1e-07
127.177949709865 -7.35009671179884 0
0 0

0101101
*
Ed
 1e-07 1 1 0
1  64 0 0 13.5396518375242
2  130 57 0 0 13.5396518375242
2  131 58 0 0 13.5396518375242
2  132 5 0 0 13.5396518375242
0

0101000
+1053 0 -1051 0 *
Ve
1e-07
121.177949709865 -7.35009671179884 0
0 0

0101101
*
Ed
 1e-07 1 1 0
1  65 0 0 3.14159265358979
2  133 59 0 0 3.14159265358979
2  134 57 0 0 3.14159265358979
2  135 5 0 0 3.14159265358979
0

0101000
+1051 0 -1049 0 *
Ed
 1e-07 1 1 0
1  66 0 0 13.5396518375242
2  136 57 0 0 13.5396518375242
2  137 60 0 0 13.5396518375242
2  138 5 0 0 13.5396518375242
0

0101000
+1049 0 -1054 0 *
Wi

0101100
+1052 0 +1050 0 +1048 0 +1047 0 *
Ve
1e-07
158.616537717602 -15.0870406189555 0
0 0

0101101
*
Ed
 1e-07 1 1 0
1  67 0 0 6.28318530717959
2  139 61 0 0 6.28318530717959
2  140 62 0 0 6.28318530717959
2  141 5 0 0 6.28318530717959
0

0101000
+1045 0 -1045 0 *
Wi

0101100
-1044 0 *
Ve
1e-07
167.624564796905 -13.3462282398453 0
0 0

0101101
*
Ed
 1e-07 1 1 0
1  68 0 0 6.28318530717959
2  142 63 0 0 6.28318530717959
2  143 64 0 0 6.28318530717959
2  144 5 0 0 6.28318530717959
0

0101000
+1042 0 -1042 0 *
Wi

0101100
-1041 0 *
Ve
1e-07
167.624564796905 -11.2185686653772 0
0 0

0101101
*
Ed
 1e-07 1 1 0
1  69 0 0 6.28318530717959
2  145 65 0 0 6.28318530717959
2  146 66 0 0 6.28318530717959
2  147 5 0 0 6.28318530717959
0

0101000
+1039 0 -1039 0 *
Wi

0101100
-1038 0 *
Ve
1e-07
136.259671179884 -8.51063829787234 0
0 0

0101101
*
Ed
 1e-07 1 1 0
1  70 0 0 6.28318530717959
2  148 67 0 0 6.28318530717959
2  149 68 0 0 6.28318530717959
2  150 5 0 0 6.28318530717959
0

0101000
+1036 0 -1036 0 *
Wi

0101100
-1035 0 *
Ve
1e-07
167.624564796905 -9.28433268858801 0
0 0

0101101
*
Ed
 1e-07 1 1 0
1  71 0 0 6.28318530717959
2  151 69 0 0 6.28318530717959
2  152 70 0 0 6.28318530717959
2  153 5 0 0 6.28318530717959
0

0101000
+1033 0 -1033 0 *
Wi

0101100
-1032 0 *
Ve
1e-07
171.311411992263 -0.386847195357834 0
0 0

0101101
*
Ed
 1e-07 1 1 0
1  72 0 0 6.28318530717959
2  154 71 0 0 6.28318530717959
2  155 72 0 0 6.28318530717959
2  156 5 0 0 6.28318530717959
0

0101000
+1030 0 -1030 0 *
Wi

0101100
-1029 0 *
Ve
1e-07
37.7176015473888 -6.96324951644101 0
0 0

0101101
*
Ve
1e-07
37.7176015473888 8.89748549323017 0
0 0

0101101
*
Ed
 1e-07 1 1 0
1  73 0 0 15.8607350096712
2  157 73 0 0 15.8607350096712
2  158 74 0 0 15.8607350096712
2  159 5 0 0 15.8607350096712
0

0101000
+1027 0 -1026 0 *
Ve
1e-07
46.8085106382979 8.89748549323017 0
0 0

0101101
*
Ed
 1e-07 1 1 0
1  74 0 0 9.09090909090909
2  160 73 0 0 9.09090909090909
2  161 75 0 0 9.09090909090909
2  162 5 0 0 9.09090909090909
0

0101000
+1026 0 -1024 0 *
Ve
1e-07
46.8085106382979 -6.96324951644101 0
0 0

0101101
*
Ed
 1e-07 1 1 0
1  75 0 0 15.8607350096712
2  163 73 0 0 15.8607350096712
2  164 76 0 0 15.8607350096712
2  165 5 0 0 15.8607350096712
0

0101000
+1024 0 -1022 0 *
Ed
 1e-07 1 1 0
1  76 0 0 9.09090909090909
2  166 73 0 0 9.09090909090909
2  167 77 0 0 9.09090909090909
2  168 5 0 0 9.09090909090909
0

0101000
+1022 0 -1027 0 *
Wi

0101100
+1025 0 +1023 0 +1021 0 +1020 0 *
Ve
1e-07
66.9245647969052 -0.16972920696325 0
0 0

0101101
*
Ve
1e-07
66.9245647969052 1.33027079303675 0
0 0

0101101
*
Ed
 1e-07 1 1 0
1  77 0 0 3.14159265358979
2  169 78 0 0 3.14159265358979
2  170 79 0 0 3.14159265358979
2  171 5 0 0 3.14159265358979
0

0101000
+1018 0 -1017 0 *
Ve
1e-07
76.5957446808511 1.33027079303675 0
0 0

0101101
*
Ed
 1e-07 1 1 0
1  78 0 0 9.67117988394584
2  172 79 0 0 9.67117988394584
2  173 80 0 0 9.67117988394584
2  174 5 0 0 9.67117988394584
0

0101000
+1017 0 -1015 0 *
Ve
1e-07
76.5957446808511 -0.16972920696325 0
0 0

0101101
*
Ed
 1e-07 1 1 0
1  79 0 0 3.14159265358979
2  175 81 0 0 3.14159265358979
2  176 79 0 0 3.14159265358979
2  177 5 0 0 3.14159265358979
0

0101000
+1015 0 -1013 0 *
Ed
 1e-07 1 1 0
1  80 0 0 9.67117988394584
2  178 79 0 0 9.67117988394584
2  179 82 0 0 9.67117988394584
2  180 5 0 0 9.67117988394584
0

0101000
+1013 0 -1018 0 *
Wi

0101100
+1016 0 +1014 0 +1012 0 +1011 0 *
Ve
1e-07
92.9893617021277 10.2514506769826 0
0 0

0101101
*
Ed
 1e-07 1 1 0
1  81 0 0 6.28318530717959
2  181 83 0 0 6.28318530717959
2  182 84 0 0 6.28318530717959
2  183 5 0 0 6.28318530717959
0

0101000
+1009 0 -1009 0 *
Wi

0101100
-1008 0 *
Ve
1e-07
66.9245647969052 11.6291102514507 0
0 0

0101101
*
Ve
1e-07
66.9245647969052 13.1291102514507 0
0 0

0101101
*
Ed
 1e-07 1 1 0
1  82 0 0 3.14159265358979
2  184 85 0 0 3.14159265358979
2  185 86 0 0 3.14159265358979
2  186 5 0 0 3.14159265358979
0

0101000
+1006 0 -1005 0 *
Ve
1e-07
76.5957446808511 13.1291102514507 0
0 0

0101101
*
Ed
 1e-07 1 1 0
1  83 0 0 9.67117988394584
2  187 86 0 0 9.67117988394584
2  188 87 0 0 9.67117988394584
2  189 5 0 0 9.67117988394584
0

0101000
+1005 0 -1003 0 *
Ve
1e-07
76.5957446808511 11.6291102514507 0
0 0

0101101
*
Ed
 1e-07 1 1 0
1  84 0 0 3.14159265358979
2  190 88 0 0 3.14159265358979
2  191 86 0 0 3.14159265358979
2  192 5 0 0 3.14159265358979
0

0101000
+1003 0 -1001 0 *
Ed
 1e-07 1 1 0
1  85 0 0 9.67117988394584
2  193 86 0 0 9.67117988394584
2  194 89 0 0 9.67117988394584
2  195 5 0 0 9.67117988394584
0

0101000
+1001 0 -1006 0 *
Wi

0101100
+1004 0 +1002 0 +1000 0 +999 0 *
Ve
1e-07
15.426499032882 26.4990328820116 0
0 0

0101101
*
Ed
 1e-07 1 1 0
1  86 0 0 6.28318530717959
2  196 90 0 0 6.28318530717959
2  197 91 0 0 6.28318530717959
2  198 5 0 0 6.28318530717959
0

0101000
+997 0 -997 0 *
Wi

0101100
-996 0 *
Ve
1e-07
73.8404255319149 25.1450676982592 0
0 0

0101101
*
Ed
 1e-07 1 1 0
1  87 0 0 6.28318530717959
2  199 92 0 0 6.28318530717959
2  200 93 0 0 6.28318530717959
2  201 5 0 0 6.28318530717959
0

0101000
+994 0 -994 0 *
Wi

0101100
-993 0 *
Ve
1e-07
101.74081237911 11.0488394584139 0
0 0

0101101
*
Ve
1e-07
101.74081237911 12.5488394584139 0
0 0

0101101
*
Ed
 1e-07 1 1 0
1  88 0 0 3.14159265358979
2  202 94 0 0 3.14159265358979
2  203 95 0 0 3.14159265358979
2  204 5 0 0 3.14159265358979
0

0101000
+991 0 -990 0 *
Ve
1e-07
110.831721470019 12.5488394584139 0
0 0

0101101
*
Ed
 1e-07 1 1 0
1  89 0 0 9.09090909090909
2  205 95 0 0 9.09090909090909
2  206 96 0 0 9.09090909090909
2  207 5 0 0 9.09090909090909
0

0101000
+990 0 -988 0 *
Ve
1e-07
110.831721470019 11.0488394584139 0
0 0

0101101
*
Ed
 1e-07 1 1 0
1  90 0 0 3.14159265358979
2  208 97 0 0 3.14159265358979
2  209 95 0 0 3.14159265358979
2  210 5 0 0 3.14159265358979
0

0101000
+988 0 -986 0 *
Ed
 1e-07 1 1 0
1  91 0 0 9.09090909090909
2  211 95 0 0 9.09090909090909
2  212 98 0 0 9.09090909090909
2  213 5 0 0 9.09090909090909
0

0101000
+986 0 -991 0 *
Wi

0101100
+989 0 +987 0 +985 0 +984 0 *
Ve
1e-07
129.206963249516 -6.38297872340426 0
0 0

0101101
*
Ve
1e-07
129.206963249516 16.4410058027079 0
0 0

0101101
*
Ed
 1e-07 1 1 0
1  92 0 0 22.8239845261122
2  214 99 0 0 22.8239845261122
2  215 100 0 0 22.8239845261122
2  216 5 0 0 22.8239845261122
0

0101000
+982 0 -981 0 *
Ve
1e-07
141.199226305609 16.4410058027079 0
0 0

0101101
*
Ed
 1e-07 1 1 0
1  93 0 0 11.9922630560928
2  217 99 0 0 11.9922630560928
2  218 101 0 0 11.9922630560928
2  219 5 0 0 11.9922630560928
0

0101000
+981 0 -979 0 *
Ve
1e-07
141.199226305609 -6.38297872340426 0
0 0

0101101
*
Ed
 1e-07 1 1 0
1  94 0 0 22.8239845261122
2  220 99 0 0 22.8239845261122
2  221 102 0 0 22.8239845261122
2  222 5 0 0 22.8239845261122
0

0101000
+979 0 -977 0 *
Ed
 1e-07 1 1 0
1  95 0 0 11.9922630560928
2  223 99 0 0 11.9922630560928
2  224 103 0 0 11.9922630560928
2  225 5 0 0 11.9922630560928
0

0101000
+977 0 -982 0 *
Wi

0101100
+980 0 +978 0 +976 0 +975 0 *
Ve
1e-07
168.204835589942 7.35009671179884 0
0 0

0101101
*
Ed
 1e-07 1 1 0
1  96 0 0 6.28318530717959
2  226 104 0 0 6.28318530717959
2  227 105 0 0 6.28318530717959
2  228 5 0 0 6.28318530717959
0

0101000
+973 0 -973 0 *
Wi

0101100
-972 0 *
Ve
1e-07
168.204835589942 9.67117988394584 0
0 0

0101101
*
Ed
 1e-07 1 1 0
1  97 0 0 6.28318530717959
2  229 106 0 0 6.28318530717959
2  230 107 0 0 6.28318530717959
2  231 5 0 0 6.28318530717959
0

0101000
+970 0 -970 0 *
Wi

0101100
-969 0 *
Ve
1e-07
136.646518375242 19.1489361702128 0
0 0

0101101
*
Ed
 1e-07 1 1 0
1  98 0 0 6.28318530717959
2  232 108 0 0 6.28318530717959
2  233 109 0 0 6.28318530717959
2  234 5 0 0 6.28318530717959
0

0101000
+967 0 -967 0 *
Wi

0101100
-966 0 *
Ve
1e-07
159.196808510638 14.3133462282398 0
0 0

0101101
*
Ed
 1e-07 1 1 0
1  99 0 0 6.28318530717959
2  235 110 0 0 6.28318530717959
2  236 111 0 0 6.28318530717959
2  237 5 0 0 6.28318530717959
0

0101000
+964 0 -964 0 *
Wi

0101100
-963 0 *
Ve
1e-07
168.204835589942 11.9922630560928 0
0 0

0101101
*
Ed
 1e-07 1 1 0
1  100 0 0 6.28318530717959
2  238 112 0 0 6.28318530717959
2  239 113 0 0 6.28318530717959
2  240 5 0 0 6.28318530717959
0

0101000
+961 0 -961 0 *
Wi

0101100
-960 0 *
Ve
1e-07
168.204835589942 14.1199226305609 0
0 0

0101101
*
Ed
 1e-07 1 1 0
1  101 0 0 6.28318530717959
2  241 114 0 0 6.28318530717959
2  242 115 0 0 6.28318530717959
2  243 5 0 0 6.28318530717959
0

0101000
+958 0 -958 0 *
Wi

0101100
-957 0 *
Fa
0  0 1 0

0111000
+1115 0 +1106 0 +1103 0 +1100 0 +1097 0 +1088 0 +1085 0 +1076 0 +1073 0 +1064 0 
+1055 0 +1046 0 +1043 0 +1040 0 +1037 0 +1034 0 +1031 0 +1028 0 +1019 0 +1010 0 
+1007 0 +998 0 +995 0 +992 0 +983 0 +974 0 +971 0 +968 0 +965 0 +962 0 
+959 0 +956 0 *
Ve
1e-07
168.204835589942 14.1199226305609 2
0 0

0101101
*
Ed
 1e-07 1 1 0
1  102 0 0 2
3  244 245CN 114 0 0 2
0

0101000
+958 0 -954 0 *
Ed
 1e-07 1 1 0
1  103 0 0 6.28318530717959
2  246 114 0 0 6.28318530717959
2  247 116 0 0 6.28318530717959
2  248 117 0 0 6.28318530717959
0

0101000
+954 0 -954 0 *
Wi

0101100
+953 0 -953 0 -957 0 +952 0 *
Fa
0  1e-07 114 0

0101000
+951 0 *
Ve
1e-07
126.112185686654 23.9845261121857 2
0 0

0101101
*
Ve
1e-07
123.21083172147 20.889748549323 2
0 0

0101101
*
Ed
 1e-07 1 1 0
1  104 0 0 4.2421106768784
2  249 117 0 0 4.2421106768784
0

0101000
+949 0 -948 0 *
Ve
1e-07
128.239845261122 40.6189555125725 2
0 0

0101101
*
Ed
 1e-07 1 1 0
1  105 0 0 16.7699486207108
2  250 117 0 0 16.7699486207108
0

0101000
+946 0 -949 0 *
Ve
1e-07
129.593810444874 44.100580270793 2
0 0

0101101
*
Ed
 1e-07 1 1 0
1  106 0 0 3.73563015780037
2  251 117 0 0 3.73563015780037
0

0101000
+944 0 -946 0 *
Ve
1e-07
133.075435203095 46.8085106382979 2
0 0

0101101
*
Ed
 1e-07 1 1 0
1  107 0 0 4.41073665415527
2  252 117 0 0 4.41073665415527
0

0101000
+942 0 -944 0 *
Ve
1e-07
136.557059961315 47.7756286266925 2
0 0

0101101
*
Ed
 1e-07 1 1 0
1  108 0 0 3.61345100430743
2  253 117 0 0 3.61345100430743
0

0101000
+940 0 -942 0 *
Ve
1e-07
140.232108317215 46.0348162475822 2
0 0

0101101
*
Ed
 1e-07 1 1 0
1  109 0 0 4.0664982672396
2  254 117 0 0 4.0664982672396
0

0101000
+938 0 -940 0 *
Ve
1e-07
142.166344294004 42.5531914893617 2
0 0

0101101
*
Ed
 1e-07 1 1 0
1  110 0 0 3.98283564448239
2  255 117 0 0 3.98283564448239
0

0101000
+936 0 -938 0 *
Ve
1e-07
140.232108317215 37.137330754352 2
0 0

0101101
*
Ed
 1e-07 1 1 0
1  111 0 0 5.7508970008969
2  256 117 0 0 5.7508970008969
0

0101000
+934 0 -936 0 *
Ve
1e-07
139.26499032882 21.4700193423598 2
0 0

0101101
*
Ed
 1e-07 1 1 0
1  112 0 0 15.6971323522425
2  257 117 0 0 15.6971323522425
0

0101000
+932 0 -934 0 *
Ve
1e-07
141.586073500967 19.1489361702128 2
0 0

0101101
*
Ed
 1e-07 1 1 0
1  113 0 0 3.28250730144626
2  258 117 0 0 3.28250730144626
0

0101000
+930 0 -932 0 *
Ve
1e-07
171.566731141199 19.1489361702128 2
0 0

0101101
*
Ed
 1e-07 1 1 0
1  114 0 0 29.9806576402321
2  259 117 0 0 29.9806576402321
0

0101000
+928 0 -930 0 *
Ve
1.50000010658141e-07
172 18.6762792333392 2
0 0

0101101
*
Ed
 1e-07 1 1 0
1  115 0 2.50751658909501 3.14870804566725
2  260 117 0 2.50751658909501 3.14870804566725
2  261 19 0 2.50751658909501 3.14870804566725
0

0101000
+926 0 -928 0 *
Ve
1.5e-07
172 4.901387818866 2
0 0

0101101
*
Ed
 1.5e-07 1 1 0
1  116 0 4.54280464294558 18.3176960574188
2  262 117 0 4.54280464294558 18.3176960574188
2  263 14 0 4.54280464294558 18.3176960574188
0

0101000
+924 0 -926 0 *
Ve
1.00000001776357e-07
173.694390715667 4.901387818866 2
0 0

0101101
*
Ed
 1e-07 1 1 0
1  117 0 -1.69439071566731 0
2  264 117 0 -1.69439071566731 0
2  265 118 0 -1.69439071566731 0
0

0101000
+922 0 -924 0 *
Ve
1.00000003552714e-07
173.694390715667 -4.901387818866 2
0 0

0101101
*
Ed
 1e-07 1 1 0
1  118 0 13.0870067652733 22.8897824030053
2  266 117 0 13.0870067652733 22.8897824030053
2  267 119 0 13.0870067652733 22.8897824030053
0

0101000
+920 0 -922 0 *
Ve
1.5e-07
172 -4.901387818866 2
0 0

0101101
*
Ed
 1e-07 1 1 0
1  119 0 -1.69439071566731 0
2  268 117 0 -1.69439071566731 0
2  269 120 0 -1.69439071566731 0
0

0101000
+920 0 -918 0 *
Ve
1.5e-07
172 -19.9226305609284 2
0 0

0101101
*
Ed
 1.5e-07 1 1 0
1  116 0 -20.2812137368489 -5.25997099478642
2  262 117 0 -20.2812137368489 -5.25997099478642
2  263 14 0 -20.2812137368489 -5.25997099478642
0

0101000
+916 0 -918 0 *
Ve
1e-07
141.392649903288 -19.9226305609284 2
0 0

0101101
*
Ed
 1e-07 1 1 0
1  120 0 0 30.6073500967118
2  270 117 0 0 30.6073500967118
2  271 13 0 0 30.6073500967118
0

0101000
+914 0 -916 0 *
Ve
1e-07
139.26499032882 -24.1779497098646 2
0 0

0101101
*
Ed
 1e-07 1 1 0
1  121 0 0 4.75759144148891
2  272 117 0 0 4.75759144148891
0

0101000
+912 0 -914 0 *
Ve
1e-07
140.618955512573 -28.2398452611219 2
0 0

0101101
*
Ed
 1e-07 1 1 0
1  122 0 0 4.28161385322605
2  273 117 0 0 4.28161385322605
0

0101000
+910 0 -912 0 *
Ve
1e-07
140.812379110251 -43.1334622823985 2
0 0

0101101
*
Ed
 1e-07 1 1 0
1  123 0 0 14.8948729657087
2  274 117 0 0 14.8948729657087
0

0101000
+908 0 -910 0 *
Ve
1e-07
137.911025145068 -46.2282398452611 2
0 0

0101101
*
Ed
 1e-07 1 1 0
1  124 0 0 4.24211067687839
2  275 117 0 0 4.24211067687839
0

0101000
+906 0 -908 0 *
Ve
1e-07
133.462282398453 -47.7756286266925 2
0 0

0101101
*
Ed
 1e-07 1 1 0
1  125 0 0 4.71017240305066
2  276 117 0 0 4.71017240305066
0

0101000
+904 0 -906 0 *
Ve
1e-07
129.400386847195 -45.6479690522244 2
0 0

0101101
*
Ed
 1e-07 1 1 0
1  126 0 0 4.58540409714881
2  277 117 0 0 4.58540409714881
0

0101000
+902 0 -904 0 *
Ve
1e-07
127.079303675048 -41.3926499032882 2
0 0

0101101
*
Ed
 1e-07 1 1 0
1  127 0 0 4.84718146465829
2  278 117 0 0 4.84718146465829
0

0101000
+900 0 -902 0 *
Ve
1e-07
125.531914893617 -22.2437137330754 2
0 0

0101101
*
Ed
 1e-07 1 1 0
1  128 0 0 19.2113551966482
2  279 117 0 0 19.2113551966482
0

0101000
+898 0 -900 0 *
Ve
1.50000014210855e-07
118.239845261122 -20 2
0 0

0101101
*
Ed
 1e-07 1 1 0
1  129 0 2.89392989547563 10.5233814380932
2  280 117 0 2.89392989547563 10.5233814380932
2  281 12 0 2.89392989547563 10.5233814380932
0

0101000
+896 0 -898 0 *
Ve
1.5e-07
122 -20 2
0 0

0101101
*
Ed
 1.5e-07 1 1 0
1  130 0 22.9373873878753 26.6975421267535
2  282 117 0 22.9373873878753 26.6975421267535
2  283 11 0 22.9373873878753 26.6975421267535
0

0101000
+896 0 -894 0 *
Ve
1.5e-07
122 -18 2
0 0

0101101
*
Ed
 1.5e-07 1 1 0
1  131 0 9.35858317592042 11.3585831759204
2  284 117 0 9.35858317592042 11.3585831759204
2  285 121 0 9.35858317592042 11.3585831759204
0

0101000
+892 0 -894 0 *
Ve
1.5e-07
83 -18 2
0 0

0101101
*
Ed
 1.5e-07 1 1 0
1  132 0 -12.3024578732465 26.6975421267535
2  286 117 0 -12.3024578732465 26.6975421267535
2  287 122 0 -12.3024578732465 26.6975421267535
0

0101000
+890 0 -892 0 *
Ve
1.5e-07
83 -19.1489361702128 2
0 0

0101101
*
Ed
 1.5e-07 1 1 0
1  133 0 -10.5075193461332 -9.35858317592042
2  288 117 0 -10.5075193461332 -9.35858317592042
2  289 10 0 -10.5075193461332 -9.35858317592042
0

0101000
+888 0 -890 0 *
Ve
1e-07
82.2050290135397 -19.1489361702128 2
0 0

0101101
*
Ed
 1e-07 1 1 0
1  134 0 0 0.794970986460342
2  290 117 0 0 0.794970986460342
2  291 8 0 0 0.794970986460342
0

0101000
+886 0 -888 0 *
Ve
1e-07
65.7640232108317 -37.330754352031 2
0 0

0101101
*
Ed
 1e-07 1 1 0
1  135 0 0 24.5129595153537
2  292 117 0 0 24.5129595153537
2  293 7 0 0 24.5129595153537
0

0101000
+884 0 -886 0 *
Ve
1.5e-07
64 -37.330754352031 2
0 0

0101101
*
Ed
 1e-07 1 1 0
1  136 0 64 65.7640232108317
2  294 117 0 64 65.7640232108317
2  295 6 0 64 65.7640232108317
0

0101000
+882 0 -884 0 *
Ve
1.5e-07
64 -36.5 2
0 0

0101101
*
Ed
 1.5e-07 1 1 0
1  137 0 18.6085831759204 19.4393375279514
2  296 117 0 18.6085831759204 19.4393375279514
2  297 4 0 18.6085831759204 19.4393375279514
0

0101000
+880 0 -882 0 *
Ve
1.5e-07
0 -36.5 2
0 0

0101101
*
Ed
 1.5e-07 1 1 0
1  138 0 -59.2667435875322 4.73325641246778
2  298 117 0 -59.2667435875322 4.73325641246778
2  299 123 0 -59.2667435875322 4.73325641246778
0

0101000
+878 0 -880 0 *
Ve
1.5e-07
0 -16 2
0 0

0101101
*
Ed
 1e-07 1 1 0
1  139 0 56.2321083172147 76.7321083172147
2  300 117 0 56.2321083172147 76.7321083172147
2  301 124 0 56.2321083172147 76.7321083172147
0

0101000
+876 0 -878 0 *
Ve
1.5e-07
2 -16 2
0 0

0101101
*
Ed
 1.5e-07 1 1 0
1  140 0 42.0524578732465 44.0524578732465
2  302 117 0 42.0524578732465 44.0524578732465
2  303 125 0 42.0524578732465 44.0524578732465
0

0101000
+874 0 -876 0 *
Ve
1.5e-07
2 16 2
0 0

0101101
*
Ed
 1.5e-07 1 1 0
1  141 0 -16.3585831759204 15.6414168240796
2  304 117 0 -16.3585831759204 15.6414168240796
2  305 126 0 -16.3585831759204 15.6414168240796
0

0101000
+874 0 -872 0 *
Ve
1.5e-07
0 16 2
0 0

0101101
*
Ed
 1.5e-07 1 1 0
1  142 0 -44.0524578732465 -42.0524578732465
2  306 117 0 -44.0524578732465 -42.0524578732465
2  307 127 0 -44.0524578732465 -42.0524578732465
0

0101000
+870 0 -872 0 *
Ve
1.5e-07
0 36 2
0 0

0101101
*
Ed
 1e-07 1 1 0
1  139 0 4.2321083172147 24.2321083172147
2  300 117 0 4.2321083172147 24.2321083172147
2  301 124 0 4.2321083172147 24.2321083172147
0

0101000
+868 0 -870 0 *
Ve
1.5e-07
64 36 2
0 0

0101101
*
Ed
 1.5e-07 1 1 0
1  143 0 -59.2667435875322 4.73325641246778
2  308 117 0 -59.2667435875322 4.73325641246778
2  309 128 0 -59.2667435875322 4.73325641246778
0

0101000
+868 0 -866 0 *
Ve
1.5e-07
64 38 2
0 0

0101101
*
Ed
 1.5e-07 1 1 0
1  144 0 -18.6414168240796 -16.6414168240796
2  310 117 0 -18.6414168240796 -16.6414168240796
2  311 129 0 -18.6414168240796 -16.6414168240796
0

0101000
+864 0 -866 0 *
Ve
1.5e-07
0 38 2
0 0

0101101
*
Ed
 1.5e-07 1 1 0
1  145 0 -59.2667435875322 4.73325641246778
2  312 117 0 -59.2667435875322 4.73325641246778
2  313 130 0 -59.2667435875322 4.73325641246778
0

0101000
+862 0 -864 0 *
Ve
1e-07
0 40.2321083172147 2
0 0

0101101
*
Ed
 1e-07 1 1 0
1  139 0 0 2.2321083172147
2  300 117 0 0 2.2321083172147
2  301 124 0 0 2.2321083172147
0

0101000
+860 0 -862 0 *
Ve
1e-07
66.9245647969052 39.6518375241779 2
0 0

0101101
*
Ed
 1e-07 1 1 0
1  146 0 0 66.9270803744524
2  314 117 0 0 66.9270803744524
0

0101000
+858 0 -860 0 *
Ve
1e-07
82.9787234042553 20.889748549323 2
0 0

0101101
*
Ed
 1e-07 1 1 0
1  147 0 0 24.6931567704562
2  315 117 0 0 24.6931567704562
2  316 20 0 0 24.6931567704562
0

0101000
+856 0 -858 0 *
Ed
 1e-07 1 1 0
1  148 0 0 40.2321083172147
2  317 117 0 0 40.2321083172147
0

0101000
+948 0 -856 0 *
Wi

0101100
+947 0 +945 0 +943 0 +941 0 +939 0 +937 0 +935 0 +933 0 +931 0 +929 0 
+927 0 +925 0 +923 0 +921 0 +919 0 -917 0 +915 0 +913 0 +911 0 +909 0 
+907 0 +905 0 +903 0 +901 0 +899 0 +897 0 +895 0 -893 0 +891 0 +889 0 
+887 0 +885 0 +883 0 +881 0 +879 0 +877 0 +875 0 +873 0 -871 0 +869 0 
+867 0 -865 0 +863 0 +861 0 +859 0 +857 0 +855 0 +854 0 *
Ve
1e-07
15.426499032882 -23.21083172147 2
0 0

0101101
*
Ed
 1e-07 1 1 0
1  149 0 0 6.28318530717959
2  318 28 0 0 6.28318530717959
2  319 131 0 0 6.28318530717959
2  320 117 0 0 6.28318530717959
0

0101000
+852 0 -852 0 *
Wi

0101100
-851 0 *
Ve
1e-07
73.4535783365571 -23.7911025145068 2
0 0

0101101
*
Ed
 1e-07 1 1 0
1  150 0 0 6.28318530717959
2  321 30 0 0 6.28318530717959
2  322 132 0 0 6.28318530717959
2  323 117 0 0 6.28318530717959
0

0101000
+849 0 -849 0 *
Wi

0101100
-848 0 *
Ve
1e-07
66.9245647969052 -11.7751450676983 2
0 0

0101101
*
Ve
1e-07
66.9245647969052 -10.2751450676983 2
0 0

0101101
*
Ed
 1e-07 1 1 0
1  151 0 0 3.14159265358979
2  324 32 0 0 3.14159265358979
2  325 133 0 0 3.14159265358979
2  326 117 0 0 3.14159265358979
0

0101000
+846 0 -845 0 *
Ve
1e-07
76.5957446808511 -11.7751450676983 2
0 0

0101101
*
Ed
 1e-07 1 1 0
1  152 0 0 9.67117988394584
2  327 133 0 0 9.67117988394584
2  328 36 0 0 9.67117988394584
2  329 117 0 0 9.67117988394584
0

0101000
+843 0 -846 0 *
Ve
1e-07
76.5957446808511 -10.2751450676983 2
0 0

0101101
*
Ed
 1e-07 1 1 0
1  153 0 0 9.67117988394584
2  330 133 0 0 9.67117988394584
2  331 34 0 0 9.67117988394584
2  332 117 0 0 9.67117988394584
0

0101000
+845 0 -841 0 *
Ed
 1e-07 1 1 0
1  154 0 0 3.14159265358979
2  333 35 0 0 3.14159265358979
2  334 133 0 0 3.14159265358979
2  335 117 0 0 3.14159265358979
0

0101000
+841 0 -843 0 *
Wi

0101100
+844 0 +842 0 +840 0 +839 0 *
Ve
1e-07
92.7959381044487 -9.28433268858801 2
0 0

0101101
*
Ed
 1e-07 1 1 0
1  155 0 0 6.28318530717959
2  336 37 0 0 6.28318530717959
2  337 134 0 0 6.28318530717959
2  338 117 0 0 6.28318530717959
0

0101000
+837 0 -837 0 *
Wi

0101100
-836 0 *
Ve
1e-07
129.641199226306 -25.7253384912959 2
0 0

0101101
*
Ve
1e-07
132.641199226306 -25.7253384912959 2
0 0

0101101
*
Ed
 1e-07 1 1 0
1  156 0 0 3.14159265358979
2  339 39 0 0 3.14159265358979
2  340 135 0 0 3.14159265358979
2  341 117 0 0 3.14159265358979
0

0101000
+834 0 -833 0 *
Ve
1e-07
129.641199226306 -36.7504835589942 2
0 0

0101101
*
Ed
 1e-07 1 1 0
1  157 0 0 11.0251450676983
2  342 135 0 0 11.0251450676983
2  343 43 0 0 11.0251450676983
2  344 117 0 0 11.0251450676983
0

0101000
+831 0 -834 0 *
Ve
1e-07
132.641199226306 -36.7504835589942 2
0 0

0101101
*
Ed
 1e-07 1 1 0
1  158 0 0 11.0251450676983
2  345 135 0 0 11.0251450676983
2  346 41 0 0 11.0251450676983
2  347 117 0 0 11.0251450676983
0

0101000
+833 0 -829 0 *
Ed
 1e-07 1 1 0
1  159 0 0 3.14159265358979
2  348 42 0 0 3.14159265358979
2  349 135 0 0 3.14159265358979
2  350 117 0 0 3.14159265358979
0

0101000
+829 0 -831 0 *
Wi

0101100
+832 0 +830 0 +828 0 +827 0 *
Ve
1e-07
135.929400386847 -41.1992263056093 2
0 0

0101101
*
Ed
 1e-07 1 1 0
1  160 0 0 6.28318530717959
2  351 44 0 0 6.28318530717959
2  352 136 0 0 6.28318530717959
2  353 117 0 0 6.28318530717959
0

0101000
+825 0 -825 0 *
Wi

0101100
-824 0 *
Ve
1e-07
101.74081237911 -12.355415860735 2
0 0

0101101
*
Ve
1e-07
101.74081237911 -10.855415860735 2
0 0

0101101
*
Ed
 1e-07 1 1 0
1  161 0 0 3.14159265358979
2  354 46 0 0 3.14159265358979
2  355 137 0 0 3.14159265358979
2  356 117 0 0 3.14159265358979
0

0101000
+822 0 -821 0 *
Ve
1e-07
110.831721470019 -12.355415860735 2
0 0

0101101
*
Ed
 1e-07 1 1 0
1  162 0 0 9.09090909090909
2  357 137 0 0 9.09090909090909
2  358 50 0 0 9.09090909090909
2  359 117 0 0 9.09090909090909
0

0101000
+819 0 -822 0 *
Ve
1e-07
110.831721470019 -10.855415860735 2
0 0

0101101
*
Ed
 1e-07 1 1 0
1  163 0 0 9.09090909090909
2  360 137 0 0 9.09090909090909
2  361 48 0 0 9.09090909090909
2  362 117 0 0 9.09090909090909
0

0101000
+821 0 -817 0 *
Ed
 1e-07 1 1 0
1  164 0 0 3.14159265358979
2  363 49 0 0 3.14159265358979
2  364 137 0 0 3.14159265358979
2  365 117 0 0 3.14159265358979
0

0101000
+817 0 -819 0 *
Wi

0101100
+820 0 +818 0 +816 0 +815 0 *
Ve
1e-07
101.74081237911 -0.75 2
0 0

0101101
*
Ve
1e-07
101.74081237911 0.75 2
0 0

0101101
*
Ed
 1e-07 1 1 0
1  165 0 0 3.14159265358979
2  366 51 0 0 3.14159265358979
2  367 138 0 0 3.14159265358979
2  368 117 0 0 3.14159265358979
0

0101000
+813 0 -812 0 *
Ve
1e-07
110.831721470019 -0.75 2
0 0

0101101
*
Ed
 1e-07 1 1 0
1  166 0 0 9.09090909090909
2  369 138 0 0 9.09090909090909
2  370 55 0 0 9.09090909090909
2  371 117 0 0 9.09090909090909
0

0101000
+810 0 -813 0 *
Ve
1e-07
110.831721470019 0.75 2
0 0

0101101
*
Ed
 1e-07 1 1 0
1  167 0 0 9.09090909090909
2  372 138 0 0 9.09090909090909
2  373 53 0 0 9.09090909090909
2  374 117 0 0 9.09090909090909
0

0101000
+812 0 -808 0 *
Ed
 1e-07 1 1 0
1  168 0 0 3.14159265358979
2  375 54 0 0 3.14159265358979
2  376 138 0 0 3.14159265358979
2  377 117 0 0 3.14159265358979
0

0101000
+808 0 -810 0 *
Wi

0101100
+811 0 +809 0 +807 0 +806 0 *
Ve
1e-07
121.177949709865 6.18955512572534 2
0 0

0101101
*
Ve
1e-07
127.177949709865 6.18955512572534 2
0 0

0101101
*
Ed
 1e-07 1 1 0
1  169 0 0 3.14159265358979
2  378 56 0 0 3.14159265358979
2  379 139 0 0 3.14159265358979
2  380 117 0 0 3.14159265358979
0

0101000
+804 0 -803 0 *
Ve
1e-07
121.177949709865 -7.35009671179884 2
0 0

0101101
*
Ed
 1e-07 1 1 0
1  170 0 0 13.5396518375242
2  381 139 0 0 13.5396518375242
2  382 60 0 0 13.5396518375242
2  383 117 0 0 13.5396518375242
0

0101000
+801 0 -804 0 *
Ve
1e-07
127.177949709865 -7.35009671179884 2
0 0

0101101
*
Ed
 1e-07 1 1 0
1  171 0 0 13.5396518375242
2  384 139 0 0 13.5396518375242
2  385 58 0 0 13.5396518375242
2  386 117 0 0 13.5396518375242
0

0101000
+803 0 -799 0 *
Ed
 1e-07 1 1 0
1  172 0 0 3.14159265358979
2  387 59 0 0 3.14159265358979
2  388 139 0 0 3.14159265358979
2  389 117 0 0 3.14159265358979
0

0101000
+799 0 -801 0 *
Wi

0101100
+802 0 +800 0 +798 0 +797 0 *
Ve
1e-07
158.616537717602 -15.0870406189555 2
0 0

0101101
*
Ed
 1e-07 1 1 0
1  173 0 0 6.28318530717959
2  390 61 0 0 6.28318530717959
2  391 140 0 0 6.28318530717959
2  392 117 0 0 6.28318530717959
0

0101000
+795 0 -795 0 *
Wi

0101100
-794 0 *
Ve
1e-07
167.624564796905 -13.3462282398453 2
0 0

0101101
*
Ed
 1e-07 1 1 0
1  174 0 0 6.28318530717959
2  393 63 0 0 6.28318530717959
2  394 141 0 0 6.28318530717959
2  395 117 0 0 6.28318530717959
0

0101000
+792 0 -792 0 *
Wi

0101100
-791 0 *
Ve
1e-07
167.624564796905 -11.2185686653772 2
0 0

0101101
*
Ed
 1e-07 1 1 0
1  175 0 0 6.28318530717959
2  396 65 0 0 6.28318530717959
2  397 142 0 0 6.28318530717959
2  398 117 0 0 6.28318530717959
0

0101000
+789 0 -789 0 *
Wi

0101100
-788 0 *
Ve
1e-07
136.259671179884 -8.51063829787234 2
0 0

0101101
*
Ed
 1e-07 1 1 0
1  176 0 0 6.28318530717959
2  399 67 0 0 6.28318530717959
2  400 143 0 0 6.28318530717959
2  401 117 0 0 6.28318530717959
0

0101000
+786 0 -786 0 *
Wi

0101100
-785 0 *
Ve
1e-07
167.624564796905 -9.28433268858801 2
0 0

0101101
*
Ed
 1e-07 1 1 0
1  177 0 0 6.28318530717959
2  402 69 0 0 6.28318530717959
2  403 144 0 0 6.28318530717959
2  404 117 0 0 6.28318530717959
0

0101000
+783 0 -783 0 *
Wi

0101100
-782 0 *
Ve
1e-07
171.311411992263 -0.386847195357834 2
0 0

0101101
*
Ed
 1e-07 1 1 0
1  178 0 0 6.28318530717959
2  405 71 0 0 6.28318530717959
2  406 145 0 0 6.28318530717959
2  407 117 0 0 6.28318530717959
0

0101000
+780 0 -780 0 *
Wi

0101100
-779 0 *
Ve
1e-07
37.7176015473888 -6.96324951644101 2
0 0

0101101
*
Ve
1e-07
37.7176015473888 8.89748549323017 2
0 0

0101101
*
Ed
 1e-07 1 1 0
1  179 0 0 15.8607350096712
2  408 146 0 0 15.8607350096712
2  409 74 0 0 15.8607350096712
2  410 117 0 0 15.8607350096712
0

0101000
+777 0 -776 0 *
Ve
1e-07
46.8085106382979 -6.96324951644101 2
0 0

0101101
*
Ed
 1e-07 1 1 0
1  180 0 0 9.09090909090909
2  411 146 0 0 9.09090909090909
2  412 77 0 0 9.09090909090909
2  413 117 0 0 9.09090909090909
0

0101000
+774 0 -777 0 *
Ve
1e-07
46.8085106382979 8.89748549323017 2
0 0

0101101
*
Ed
 1e-07 1 1 0
1  181 0 0 9.09090909090909
2  414 146 0 0 9.09090909090909
2  415 75 0 0 9.09090909090909
2  416 117 0 0 9.09090909090909
0

0101000
+776 0 -772 0 *
Ed
 1e-07 1 1 0
1  182 0 0 15.8607350096712
2  417 146 0 0 15.8607350096712
2  418 76 0 0 15.8607350096712
2  419 117 0 0 15.8607350096712
0

0101000
+772 0 -774 0 *
Wi

0101100
+775 0 +773 0 +771 0 +770 0 *
Ve
1e-07
66.9245647969052 -0.16972920696325 2
0 0

0101101
*
Ve
1e-07
66.9245647969052 1.33027079303675 2
0 0

0101101
*
Ed
 1e-07 1 1 0
1  183 0 0 3.14159265358979
2  420 78 0 0 3.14159265358979
2  421 147 0 0 3.14159265358979
2  422 117 0 0 3.14159265358979
0

0101000
+768 0 -767 0 *
Ve
1e-07
76.5957446808511 -0.16972920696325 2
0 0

0101101
*
Ed
 1e-07 1 1 0
1  184 0 0 9.67117988394584
2  423 147 0 0 9.67117988394584
2  424 82 0 0 9.67117988394584
2  425 117 0 0 9.67117988394584
0

0101000
+765 0 -768 0 *
Ve
1e-07
76.5957446808511 1.33027079303675 2
0 0

0101101
*
Ed
 1e-07 1 1 0
1  185 0 0 9.67117988394584
2  426 147 0 0 9.67117988394584
2  427 80 0 0 9.67117988394584
2  428 117 0 0 9.67117988394584
0

0101000
+767 0 -763 0 *
Ed
 1e-07 1 1 0
1  186 0 0 3.14159265358979
2  429 81 0 0 3.14159265358979
2  430 147 0 0 3.14159265358979
2  431 117 0 0 3.14159265358979
0

0101000
+763 0 -765 0 *
Wi

0101100
+766 0 +764 0 +762 0 +761 0 *
Ve
1e-07
92.9893617021277 10.2514506769826 2
0 0

0101101
*
Ed
 1e-07 1 1 0
1  187 0 0 6.28318530717959
2  432 83 0 0 6.28318530717959
2  433 148 0 0 6.28318530717959
2  434 117 0 0 6.28318530717959
0

0101000
+759 0 -759 0 *
Wi

0101100
-758 0 *
Ve
1e-07
66.9245647969052 11.6291102514507 2
0 0

0101101
*
Ve
1e-07
66.9245647969052 13.1291102514507 2
0 0

0101101
*
Ed
 1e-07 1 1 0
1  188 0 0 3.14159265358979
2  435 85 0 0 3.14159265358979
2  436 149 0 0 3.14159265358979
2  437 117 0 0 3.14159265358979
0

0101000
+756 0 -755 0 *
Ve
1e-07
76.5957446808511 11.6291102514507 2
0 0

0101101
*
Ed
 1e-07 1 1 0
1  189 0 0 9.67117988394584
2  438 149 0 0 9.67117988394584
2  439 89 0 0 9.67117988394584
2  440 117 0 0 9.67117988394584
0

0101000
+753 0 -756 0 *
Ve
1e-07
76.5957446808511 13.1291102514507 2
0 0

0101101
*
Ed
 1e-07 1 1 0
1  190 0 0 9.67117988394584
2  441 149 0 0 9.67117988394584
2  442 87 0 0 9.67117988394584
2  443 117 0 0 9.67117988394584
0

0101000
+755 0 -751 0 *
Ed
 1e-07 1 1 0
1  191 0 0 3.14159265358979
2  444 88 0 0 3.14159265358979
2  445 149 0 0 3.14159265358979
2  446 117 0 0 3.14159265358979
0

0101000
+751 0 -753 0 *
Wi

0101100
+754 0 +752 0 +750 0 +749 0 *
Ve
1e-07
15.426499032882 26.4990328820116 2
0 0

0101101
*
Ed
 1e-07 1 1 0
1  192 0 0 6.28318530717959
2  447 90 0 0 6.28318530717959
2  448 150 0 0 6.28318530717959
2  449 117 0 0 6.28318530717959
0

0101000
+747 0 -747 0 *
Wi

0101100
-746 0 *
Ve
1e-07
73.8404255319149 25.1450676982592 2
0 0

0101101
*
Ed
 1e-07 1 1 0
1  193 0 0 6.28318530717959
2  450 92 0 0 6.28318530717959
2  451 151 0 0 6.28318530717959
2  452 117 0 0 6.28318530717959
0

0101000
+744 0 -744 0 *
Wi

0101100
-743 0 *
Ve
1e-07
101.74081237911 11.0488394584139 2
0 0

0101101
*
Ve
1e-07
101.74081237911 12.5488394584139 2
0 0

0101101
*
Ed
 1e-07 1 1 0
1  194 0 0 3.14159265358979
2  453 94 0 0 3.14159265358979
2  454 152 0 0 3.14159265358979
2  455 117 0 0 3.14159265358979
0

0101000
+741 0 -740 0 *
Ve
1e-07
110.831721470019 11.0488394584139 2
0 0

0101101
*
Ed
 1e-07 1 1 0
1  195 0 0 9.09090909090909
2  456 152 0 0 9.09090909090909
2  457 98 0 0 9.09090909090909
2  458 117 0 0 9.09090909090909
0

0101000
+738 0 -741 0 *
Ve
1e-07
110.831721470019 12.5488394584139 2
0 0

0101101
*
Ed
 1e-07 1 1 0
1  196 0 0 9.09090909090909
2  459 152 0 0 9.09090909090909
2  460 96 0 0 9.09090909090909
2  461 117 0 0 9.09090909090909
0

0101000
+740 0 -736 0 *
Ed
 1e-07 1 1 0
1  197 0 0 3.14159265358979
2  462 97 0 0 3.14159265358979
2  463 152 0 0 3.14159265358979
2  464 117 0 0 3.14159265358979
0

0101000
+736 0 -738 0 *
Wi

0101100
+739 0 +737 0 +735 0 +734 0 *
Ve
1.5e-07
83 17 2
0 0

0101101
*
Ve
1.5e-07
122 17 2
0 0

0101101
*
Ed
 1.5e-07 1 1 0
1  198 0 -12.3024578732465 26.6975421267535
2  465 117 0 -12.3024578732465 26.6975421267535
2  466 153 0 -12.3024578732465 26.6975421267535
0

0101000
+732 0 -731 0 *
Ve
1.5e-07
83 19 2
0 0

0101101
*
Ed
 1.5e-07 1 1 0
1  199 0 7.14141682407958 9.14141682407958
2  467 117 0 7.14141682407958 9.14141682407958
2  468 154 0 7.14141682407958 9.14141682407958
0

0101000
+732 0 -729 0 *
Ve
1.5e-07
122 19 2
0 0

0101101
*
Ed
 1.5e-07 1 1 0
1  200 0 -9.14141682407958 -7.14141682407958
2  469 117 0 -9.14141682407958 -7.14141682407958
2  470 155 0 -9.14141682407958 -7.14141682407958
0

0101000
+727 0 -731 0 *
Ed
 1.5e-07 1 1 0
1  201 0 -12.3024578732465 26.6975421267535
2  471 117 0 -12.3024578732465 26.6975421267535
2  472 156 0 -12.3024578732465 26.6975421267535
0

0101000
+729 0 -727 0 *
Wi

0101100
-730 0 +728 0 +726 0 +725 0 *
Ve
1e-07
129.206963249516 -6.38297872340426 2
0 0

0101101
*
Ve
1e-07
129.206963249516 16.4410058027079 2
0 0

0101101
*
Ed
 1e-07 1 1 0
1  202 0 0 22.8239845261122
2  473 157 0 0 22.8239845261122
2  474 100 0 0 22.8239845261122
2  475 117 0 0 22.8239845261122
0

0101000
+723 0 -722 0 *
Ve
1e-07
141.199226305609 -6.38297872340426 2
0 0

0101101
*
Ed
 1e-07 1 1 0
1  203 0 0 11.9922630560928
2  476 157 0 0 11.9922630560928
2  477 103 0 0 11.9922630560928
2  478 117 0 0 11.9922630560928
0

0101000
+720 0 -723 0 *
Ve
1e-07
141.199226305609 16.4410058027079 2
0 0

0101101
*
Ed
 1e-07 1 1 0
1  204 0 0 11.9922630560928
2  479 157 0 0 11.9922630560928
2  480 101 0 0 11.9922630560928
2  481 117 0 0 11.9922630560928
0

0101000
+722 0 -718 0 *
Ed
 1e-07 1 1 0
1  205 0 0 22.8239845261122
2  482 157 0 0 22.8239845261122
2  483 102 0 0 22.8239845261122
2  484 117 0 0 22.8239845261122
0

0101000
+718 0 -720 0 *
Wi

0101100
+721 0 +719 0 +717 0 +716 0 *
Ve
1e-07
168.204835589942 7.35009671179884 2
0 0

0101101
*
Ed
 1e-07 1 1 0
1  206 0 0 6.28318530717959
2  485 104 0 0 6.28318530717959
2  486 158 0 0 6.28318530717959
2  487 117 0 0 6.28318530717959
0

0101000
+714 0 -714 0 *
Wi

0101100
-713 0 *
Ve
1e-07
168.204835589942 9.67117988394584 2
0 0

0101101
*
Ed
 1e-07 1 1 0
1  207 0 0 6.28318530717959
2  488 106 0 0 6.28318530717959
2  489 159 0 0 6.28318530717959
2  490 117 0 0 6.28318530717959
0

0101000
+711 0 -711 0 *
Wi

0101100
-710 0 *
Ve
1e-07
136.646518375242 19.1489361702128 2
0 0

0101101
*
Ed
 1e-07 1 1 0
1  208 0 0 6.28318530717959
2  491 108 0 0 6.28318530717959
2  492 160 0 0 6.28318530717959
2  493 117 0 0 6.28318530717959
0

0101000
+708 0 -708 0 *
Wi

0101100
-707 0 *
Ve
1e-07
159.196808510638 14.3133462282398 2
0 0

0101101
*
Ed
 1e-07 1 1 0
1  209 0 0 6.28318530717959
2  494 110 0 0 6.28318530717959
2  495 161 0 0 6.28318530717959
2  496 117 0 0 6.28318530717959
0

0101000
+705 0 -705 0 *
Wi

0101100
-704 0 *
Ve
1e-07
168.204835589942 11.9922630560928 2
0 0

0101101
*
Ed
 1e-07 1 1 0
1  210 0 0 6.28318530717959
2  497 112 0 0 6.28318530717959
2  498 162 0 0 6.28318530717959
2  499 117 0 0 6.28318530717959
0

0101000
+702 0 -702 0 *
Wi

0101100
-701 0 *
Wi

0101100
-952 0 *
Ve
1e-07
130.221685428261 36.7759036368091 2
0 0

0101101
*
Ve
1e-07
133.221254610423 36.7250634811793 2
0 0

0101101
*
Ed
 1e-07 1 1 0
1  211 0 0 3.14159265358979
2  500 24 0 0 3.14159265358979
2  501 163 0 0 3.14159265358979
2  502 117 0 0 3.14159265358979
0

0101000
+698 0 -697 0 *
Ve
1e-07
130.028261830582 25.363911373753 2
0 0

0101101
*
Ed
 1e-07 1 1 0
1  212 0 0 11.4136313283806
2  503 163 0 0 11.4136313283806
2  504 23 0 0 11.4136313283806
2  505 117 0 0 11.4136313283806
0

0101000
+695 0 -698 0 *
Ve
1e-07
133.027831012744 25.3130712181232 2
0 0

0101101
*
Ed
 1e-07 1 1 0
1  213 0 0 11.4136313283806
2  506 163 0 0 11.4136313283806
2  507 25 0 0 11.4136313283806
2  508 117 0 0 11.4136313283806
0

0101000
+697 0 -693 0 *
Ed
 1e-07 1 1 0
1  214 0 0 3.14159265358979
2  509 21 0 0 3.14159265358979
2  510 163 0 0 3.14159265358979
2  511 117 0 0 3.14159265358979
0

0101000
+693 0 -695 0 *
Wi

0101100
+696 0 +694 0 +692 0 +691 0 *
Ve
1e-07
137.2833655706 41.1992263056093 2
0 0

0101101
*
Ed
 1e-07 1 1 0
1  215 0 0 6.28318530717959
2  512 26 0 0 6.28318530717959
2  513 164 0 0 6.28318530717959
2  514 117 0 0 6.28318530717959
0

0101000
+689 0 -689 0 *
Wi

0101100
-688 0 *
Fa
0  1e-07 117 0

0101000
+853 0 +850 0 +847 0 +838 0 +835 0 +826 0 +823 0 +814 0 +805 0 +796 0 
+793 0 +790 0 +787 0 +784 0 +781 0 +778 0 +769 0 +760 0 +757 0 +748 0 
+745 0 +742 0 +733 0 +724 0 +715 0 +712 0 +709 0 +706 0 +703 0 +700 0 
+699 0 +690 0 +687 0 *
Ve
1e-07
83 19 21
0 0

0101101
*
Ed
 1e-07 1 1 0
1  216 0 0 19
2  515 156 0 0 19
2  516 154 0 0 19
0

0101000
+685 0 -729 0 *
Ve
1e-07
122 19 21
0 0

0101101
*
Ed
 1e-07 1 1 0
1  217 0 0 39
2  517 156 0 0 39
0

0101000
+683 0 -685 0 *
Ed
 1e-07 1 1 0
1  218 0 2 21
2  518 156 0 2 21
2  519 155 0 2 21
0

0101000
+727 0 -683 0 *
Wi

0101100
+684 0 +682 0 +681 0 +725 0 *
Ve
1e-07
88 19 15.5
0 0

0101101
*
Ve
1e-07
88 19 18.5
0 0

0101101
*
Ed
 1e-07 1 1 0
1  219 0 0 3.14159265358979
2  520 165 0 0 3.14159265358979
2  521 166 0 0 3.14159265358979
2  522 156 0 0 3.14159265358979
0

0101000
+679 0 -678 0 *
Ve
1e-07
117 19 15.5
0 0

0101101
*
Ed
 1e-07 1 1 0
1  220 0 0 29
2  523 166 0 0 29
2  524 167 0 0 29
2  525 156 0 0 29
0

0101000
+676 0 -679 0 *
Ve
1e-07
117 19 18.5
0 0

0101101
*
Ed
 1e-07 1 1 0
1  221 0 0 29
2  526 166 0 0 29
2  527 168 0 0 29
2  528 156 0 0 29
0

0101000
+678 0 -674 0 *
Ed
 1e-07 1 1 0
1  222 0 0 3.14159265358979
2  529 169 0 0 3.14159265358979
2  530 166 0 0 3.14159265358979
2  531 156 0 0 3.14159265358979
0

0101000
+674 0 -676 0 *
Wi

0101100
+677 0 +675 0 +673 0 +672 0 *
Fa
0  1e-07 156 0

0101000
+680 0 +671 0 *
Ve
1e-07
117 17 18.5
0 0

0101101
*
Ed
 1e-07 1 1 0
1  223 0 0 2
2  532 169 0 0 2
4 G1 168 0 169 0
2  533 168 0 0 2
0

0101000
+674 0 -669 0 *
Ve
1e-07
117 17 15.5
0 0

0101101
*
Ed
 1e-07 1 1 0
1  224 0 0 2
2  534 169 0 0 2
4 G1 169 0 167 0
2  535 167 0 0 2
0

0101000
+676 0 -667 0 *
Ed
 1e-07 1 1 0
1  225 0 0 3.14159265358979
2  536 169 0 0 3.14159265358979
2  537 170 0 0 3.14159265358979
2  538 153 0 0 3.14159265358979
0

0101000
+669 0 -667 0 *
Wi

0101100
+668 0 -666 0 -672 0 +665 0 *
Fa
0  1e-07 169 0

0101000
+664 0 *
Ve
1e-07
88 17 18.5
0 0

0101101
*
Ed
 1e-07 1 1 0
1  226 0 0 2
2  539 165 0 0 2
4 G1 168 0 165 0
2  540 168 0 0 2
0

0101000
+678 0 -662 0 *
Ed
 1e-07 1 1 0
1  227 0 0 29
2  541 170 0 0 29
2  542 168 0 0 29
2  543 153 0 0 29
0

0101000
+662 0 -669 0 *
Wi

0101100
+661 0 -668 0 -673 0 +660 0 *
Fa
0  1e-07 168 0

0101000
+659 0 *
Ve
1e-07
88 17 15.5
0 0

0101101
*
Ed
 1e-07 1 1 0
1  228 0 0 2
2  544 165 0 0 2
4 G1 167 0 165 0
2  545 167 0 0 2
0

0101000
+679 0 -657 0 *
Ed
 1e-07 1 1 0
1  229 0 0 29
2  546 170 0 0 29
2  547 167 0 0 29
2  548 153 0 0 29
0

0101000
+667 0 -657 0 *
Wi

0101100
+666 0 -656 0 -675 0 +655 0 *
Fa
0  1e-07 167 0

0101000
+654 0 *
Ed
 1e-07 1 1 0
1  230 0 0 3.14159265358979
2  549 165 0 0 3.14159265358979
2  550 170 0 0 3.14159265358979
2  551 153 0 0 3.14159265358979
0

0101000
+657 0 -662 0 *
Wi

0101100
+656 0 -661 0 -677 0 +652 0 *
Fa
0  1e-07 165 0

0101000
+651 0 *
Ve
1e-07
122 17 21
0 0

0101101
*
Ed
 1e-07 1 1 0
1  231 0 0 2
2  552 155 0 0 2
0

0101000
+683 0 -649 0 *
Ve
1e-07
83 17 21
0 0

0101101
*
Ed
 1e-07 1 1 0
1  232 0 0 2
2  553 154 0 0 2
0

0101000
+685 0 -647 0 *
Ed
 1e-07 1 1 0
1  233 0 0 39
2  554 153 0 0 39
0

0101000
+649 0 -647 0 *
Wi

0101100
+648 0 -646 0 -682 0 +645 0 *
Fa
0  1e-07 171 0

0101000
+644 0 *
Ed
 1e-07 1 1 0
1  234 0 2 21
2  555 153 0 2 21
2  556 155 0 2 21
0

0101000
+731 0 -649 0 *
Wi

0101100
-681 0 -648 0 +642 0 +726 0 *
Fa
0  1e-07 155 0

0101000
+641 0 *
Ed
 1e-07 1 1 0
1  235 0 0 19
2  557 153 0 0 19
2  558 154 0 0 19
0

0101000
+647 0 -732 0 *
Wi

0101100
-684 0 +728 0 +639 0 +646 0 *
Fa
0  1e-07 154 0

0101000
+638 0 *
Wi

0101100
+639 0 +645 0 +642 0 +730 0 *
Wi

0101100
+652 0 +655 0 +660 0 +665 0 *
Fa
0  1e-07 153 0

0101000
+636 0 +635 0 *
Ve
1e-07
0 38 7
0 0

0101101
*
Ed
 1e-07 1 1 0
1  236 0 0 5
2  559 130 0 0 5
2  560 172 0 0 5
0

0101000
+633 0 -862 0 *
Ve
1e-07
7 38 7
0 0

0101101
*
Ed
 1e-07 1 1 0
1  237 0 0 7
2  561 130 0 0 7
0

0101000
+631 0 -633 0 *
Ve
1e-07
7 38 20
0 0

0101101
*
Ed
 1e-07 1 1 0
1  238 0 0 13
2  562 130 0 0 13
0

0101000
+629 0 -631 0 *
Ve
1e-07
0 38 20
0 0

0101101
*
Ed
 1e-07 1 1 0
1  239 0 0 7
2  563 130 0 0 7
0

0101000
+627 0 -629 0 *
Ve
1e-07
0 38 27
0 0

0101101
*
Ed
 1e-07 1 1 0
1  240 0 0 7
2  564 130 0 0 7
0

0101000
+625 0 -627 0 *
Ve
1e-07
64 38 27
0 0

0101101
*
Ed
 1e-07 1 1 0
1  241 0 0 64
2  565 130 0 0 64
0

0101000
+623 0 -625 0 *
Ed
 1e-07 1 1 0
1  242 0 2 27
2  566 130 0 2 27
2  567 129 0 2 27
0

0101000
+864 0 -623 0 *
Wi

0101100
+632 0 +630 0 +628 0 +626 0 +624 0 +622 0 +621 0 +861 0 *
Ve
1e-07
21.5 38 23
0 0

0101101
*
Ed
 1e-07 1 1 0
1  243 0 0 6.28318530717959
2  568 173 0 0 6.28318530717959
2  569 174 0 0 6.28318530717959
2  570 130 0 0 6.28318530717959
0

0101000
+619 0 -619 0 *
Wi

0101100
-618 0 *
Ve
1e-07
21.5 38 6
0 0

0101101
*
Ed
 1e-07 1 1 0
1  244 0 0 6.28318530717959
2  571 175 0 0 6.28318530717959
2  572 176 0 0 6.28318530717959
2  573 130 0 0 6.28318530717959
0

0101000
+616 0 -616 0 *
Wi

0101100
-615 0 *
Ve
1e-07
47 38 14
0 0

0101101
*
Ed
 1e-07 1 1 0
1  245 0 0 6.28318530717959
2  574 177 0 0 6.28318530717959
2  575 178 0 0 6.28318530717959
2  576 130 0 0 6.28318530717959
0

0101000
+613 0 -613 0 *
Wi

0101100
-612 0 *
Fa
0  1e-07 130 0

0101000
+620 0 +617 0 +614 0 +611 0 *
Ve
1e-07
47 36 14
0 0

0101101
*
Ed
 1e-07 1 1 0
1  246 0 0 2
3  577 578CN 177 0 0 2
0

0101000
+613 0 -609 0 *
Ed
 1e-07 1 1 0
1  247 0 0 6.28318530717959
2  579 177 0 0 6.28318530717959
2  580 179 0 0 6.28318530717959
2  581 128 0 0 6.28318530717959
0

0101000
+609 0 -609 0 *
Wi

0101100
+608 0 -608 0 -612 0 +607 0 *
Fa
0  1e-07 177 0

0101000
+606 0 *
Ve
1e-07
21.5 36 6
0 0

0101101
*
Ed
 1e-07 1 1 0
1  248 0 0 2
3  582 583CN 175 0 0 2
0

0101000
+616 0 -604 0 *
Ed
 1e-07 1 1 0
1  249 0 0 6.28318530717959
2  584 175 0 0 6.28318530717959
2  585 180 0 0 6.28318530717959
2  586 128 0 0 6.28318530717959
0

0101000
+604 0 -604 0 *
Wi

0101100
+603 0 -603 0 -615 0 +602 0 *
Fa
0  1e-07 175 0

0101000
+601 0 *
Ve
1e-07
21.5 36 23
0 0

0101101
*
Ed
 1e-07 1 1 0
1  250 0 0 2
3  587 588CN 173 0 0 2
0

0101000
+619 0 -599 0 *
Ed
 1e-07 1 1 0
1  251 0 0 6.28318530717959
2  589 173 0 0 6.28318530717959
2  590 181 0 0 6.28318530717959
2  591 128 0 0 6.28318530717959
0

0101000
+599 0 -599 0 *
Wi

0101100
+598 0 -598 0 -618 0 +597 0 *
Fa
0  1e-07 173 0

0101000
+596 0 *
Ve
1e-07
64 36 27
0 0

0101101
*
Ed
 1e-07 1 1 0
1  252 0 0 2
2  592 129 0 0 2
0

0101000
+623 0 -594 0 *
Ve
1e-07
0 36 27
0 0

0101101
*
Ed
 1e-07 1 1 0
1  253 0 0 2
0

0101000
+625 0 -592 0 *
Ed
 1e-07 1 1 0
1  254 0 0 64
2  593 128 0 0 64
0

0101000
+594 0 -592 0 *
Wi

0101100
+593 0 -591 0 -622 0 +590 0 *
Fa
0  1e-07 182 0

0101000
+589 0 *
Ve
1e-07
0 36 20
0 0

0101101
*
Ed
 1e-07 1 1 0
1  255 0 0 2
0

0101000
+627 0 -587 0 *
Ed
 1e-07 1 1 0
1  256 0 0 7
2  594 128 0 0 7
0

0101000
+592 0 -587 0 *
Wi

0101100
+591 0 -586 0 -624 0 +585 0 *
Fa
0  1e-07 183 0

0101000
+584 0 *
Ve
1e-07
7 36 20
0 0

0101101
*
Ed
 1e-07 1 1 0
1  257 0 0 2
0

0101000
+629 0 -582 0 *
Ed
 1e-07 1 1 0
1  258 0 0 7
2  595 128 0 0 7
0

0101000
+587 0 -582 0 *
Wi

0101100
+586 0 -581 0 -626 0 +580 0 *
Fa
0  1e-07 184 0

0101000
+579 0 *
Ve
1e-07
7 36 7
0 0

0101101
*
Ed
 1e-07 1 1 0
1  259 0 0 2
0

0101000
+631 0 -577 0 *
Ed
 1e-07 1 1 0
1  260 0 0 13
2  596 128 0 0 13
0

0101000
+582 0 -577 0 *
Wi

0101100
+581 0 -576 0 -628 0 +575 0 *
Fa
0  1e-07 185 0

0101000
+574 0 *
Ve
1e-07
0 36 7
0 0

0101101
*
Ed
 1e-07 1 1 0
1  261 0 0 2
2  597 172 0 0 2
0

0101000
+633 0 -572 0 *
Ed
 1e-07 1 1 0
1  262 0 0 7
2  598 128 0 0 7
0

0101000
+577 0 -572 0 *
Wi

0101100
+576 0 -571 0 -630 0 +570 0 *
Fa
0  1e-07 186 0

0101000
+569 0 *
Ed
 1e-07 1 1 0
1  263 0 2 27
2  599 128 0 2 27
2  600 129 0 2 27
0

0101000
+866 0 -594 0 *
Wi

0101100
-621 0 -593 0 +567 0 +863 0 *
Fa
0  1e-07 129 0

0101000
+566 0 *
Ed
 1e-07 1 1 0
1  264 0 0 5
2  601 128 0 0 5
2  602 172 0 0 5
0

0101000
+572 0 -868 0 *
Wi

0101100
+564 0 +570 0 +575 0 +580 0 +585 0 +590 0 +567 0 +865 0 *
Wi

0101100
-597 0 *
Wi

0101100
-602 0 *
Wi

0101100
-607 0 *
Fa
0  1e-07 128 0

0101000
+563 0 +562 0 +561 0 +560 0 *
Ve
1e-07
0 16 24
0 0

0101101
*
Ed
 1e-07 1 1 0
1  265 0 2 24
2  603 187 0 2 24
2  604 127 0 2 24
0

0101000
+870 0 -558 0 *
Ve
1e-07
2 16 24
0 0

0101101
*
Ed
 1e-07 1 1 0
1  266 0 0 2
2  605 127 0 0 2
0

0101000
+558 0 -556 0 *
Ed
 1e-07 1 1 0
1  267 0 2 24
2  606 126 0 2 24
2  607 127 0 2 24
0

0101000
+872 0 -556 0 *
Wi

0101100
-557 0 -555 0 +554 0 +869 0 *
Fa
0  1e-07 127 0

0101000
+553 0 *
Ve
1e-07
0 -16 24
0 0

0101101
*
Ve
1e-07
2 -16 24
0 0

0101101
*
Ed
 1e-07 1 1 0
1  268 0 0 2
2  608 125 0 0 2
0

0101000
+551 0 -550 0 *
Ed
 1e-07 1 1 0
1  269 0 0 32
2  609 187 0 0 32
0

0101000
+558 0 -551 0 *
Ed
 1e-07 1 1 0
1  270 0 0 32
2  610 126 0 0 32
0

0101000
+556 0 -550 0 *
Wi

0101100
+555 0 -549 0 -548 0 +547 0 *
Fa
0  1e-07 188 0

0101000
+546 0 *
Ed
 1e-07 1 1 0
1  271 0 0 22
2  611 126 0 0 22
2  612 125 0 0 22
0

0101000
+550 0 -874 0 *
Wi

0101100
+544 0 +547 0 +554 0 +871 0 *
Ve
1e-07
2 6 12
0 0

0101101
*
Ed
 1e-07 1 1 0
1  272 0 0 6.28318530717959
2  613 189 0 0 6.28318530717959
2  614 190 0 0 6.28318530717959
2  615 126 0 0 6.28318530717959
0

0101000
+542 0 -542 0 *
Wi

0101100
-541 0 *
Fa
0  1e-07 126 0

0101000
+543 0 +540 0 *
Ve
1e-07
0 6 12
0 0

0101101
*
Ed
 1e-07 1 1 0
1  273 0 0 2
3  616 617CN 189 0 0 2
0

0101000
+538 0 -542 0 *
Ed
 1e-07 1 1 0
1  274 0 0 6.28318530717959
2  618 189 0 0 6.28318530717959
2  619 191 0 0 6.28318530717959
2  620 187 0 0 6.28318530717959
0

0101000
+538 0 -538 0 *
Wi

0101100
+537 0 -537 0 -536 0 +541 0 *
Fa
0  1e-07 189 0

0101000
+535 0 *
Ed
 1e-07 1 1 0
1  275 0 0 22
2  621 187 0 0 22
2  622 125 0 0 22
0

0101000
+551 0 -876 0 *
Wi

0101100
-533 0 +873 0 +544 0 +549 0 *
Fa
0  1e-07 125 0

0101000
+532 0 *
Ve
1e-07
0 -36.5 7
0 0

0101101
*
Ed
 1e-07 1 1 0
1  276 0 0 5
2  623 123 0 0 5
2  624 192 0 0 5
0

0101000
+530 0 -878 0 *
Ve
1e-07
7 -36.5 7
0 0

0101101
*
Ed
 1e-07 1 1 0
1  277 0 0 7
2  625 123 0 0 7
0

0101000
+528 0 -530 0 *
Ve
1e-07
7 -36.5 20
0 0

0101101
*
Ed
 1e-07 1 1 0
1  278 0 0 13
2  626 123 0 0 13
0

0101000
+526 0 -528 0 *
Ve
1e-07
0 -36.5 20
0 0

0101101
*
Ed
 1e-07 1 1 0
1  279 0 0 7
2  627 123 0 0 7
0

0101000
+524 0 -526 0 *
Ve
1e-07
0 -36.5 27
0 0

0101101
*
Ed
 1e-07 1 1 0
1  280 0 0 7
2  628 123 0 0 7
0

0101000
+522 0 -524 0 *
Ve
1e-07
64 -36.5 27
0 0

0101101
*
Ed
 1e-07 1 1 0
1  281 0 0 64
2  629 123 0 0 64
0

0101000
+520 0 -522 0 *
Ed
 1e-07 1 1 0
1  282 0 2 27
2  630 123 0 2 27
2  631 4 0 2 27
0

0101000
+880 0 -520 0 *
Wi

0101100
+529 0 +527 0 +525 0 +523 0 +521 0 +519 0 +518 0 +877 0 *
Ve
1e-07
21.5 -36.5 23
0 0

0101101
*
Ed
 1e-07 1 1 0
1  283 0 0 6.28318530717959
2  632 193 0 0 6.28318530717959
2  633 194 0 0 6.28318530717959
2  634 123 0 0 6.28318530717959
0

0101000
+516 0 -516 0 *
Wi

0101100
-515 0 *
Ve
1e-07
21.5 -36.5 6
0 0

0101101
*
Ed
 1e-07 1 1 0
1  284 0 0 6.28318530717959
2  635 195 0 0 6.28318530717959
2  636 196 0 0 6.28318530717959
2  637 123 0 0 6.28318530717959
0

0101000
+513 0 -513 0 *
Wi

0101100
-512 0 *
Ve
1e-07
47 -36.5 14
0 0

0101101
*
Ed
 1e-07 1 1 0
1  285 0 0 6.28318530717959
2  638 197 0 0 6.28318530717959
2  639 198 0 0 6.28318530717959
2  640 123 0 0 6.28318530717959
0

0101000
+510 0 -510 0 *
Wi

0101100
-509 0 *
Fa
0  1e-07 123 0

0101000
+517 0 +514 0 +511 0 +508 0 *
Ve
1e-07
47 -38.5 14
0 0

0101101
*
Ed
 1e-07 1 1 0
1  286 0 0 2
3  641 642CN 197 0 0 2
0

0101000
+510 0 -506 0 *
Ed
 1e-07 1 1 0
1  287 0 0 6.28318530717959
2  643 197 0 0 6.28318530717959
2  644 199 0 0 6.28318530717959
2  645 2 0 0 6.28318530717959
0

0101000
+506 0 -506 0 *
Wi

0101100
+505 0 -505 0 -509 0 +504 0 *
Fa
0  1e-07 197 0

0101000
+503 0 *
Ve
1e-07
21.5 -38.5 6
0 0

0101101
*
Ed
 1e-07 1 1 0
1  288 0 0 2
3  646 647CN 195 0 0 2
0

0101000
+513 0 -501 0 *
Ed
 1e-07 1 1 0
1  289 0 0 6.28318530717959
2  648 195 0 0 6.28318530717959
2  649 200 0 0 6.28318530717959
2  650 2 0 0 6.28318530717959
0

0101000
+501 0 -501 0 *
Wi

0101100
+500 0 -500 0 -512 0 +499 0 *
Fa
0  1e-07 195 0

0101000
+498 0 *
Ve
1e-07
21.5 -38.5 23
0 0

0101101
*
Ed
 1e-07 1 1 0
1  290 0 0 2
3  651 652CN 193 0 0 2
0

0101000
+516 0 -496 0 *
Ed
 1e-07 1 1 0
1  291 0 0 6.28318530717959
2  653 193 0 0 6.28318530717959
2  654 201 0 0 6.28318530717959
2  655 2 0 0 6.28318530717959
0

0101000
+496 0 -496 0 *
Wi

0101100
+495 0 -495 0 -515 0 +494 0 *
Fa
0  1e-07 193 0

0101000
+493 0 *
Ve
1e-07
64 -38.5 27
0 0

0101101
*
Ed
 1e-07 1 1 0
1  292 0 0 2
2  656 4 0 0 2
0

0101000
+520 0 -491 0 *
Ve
1e-07
0 -38.5 27
0 0

0101101
*
Ed
 1e-07 1 1 0
1  293 0 0 2
0

0101000
+522 0 -489 0 *
Ed
 1e-07 1 1 0
1  294 0 0 64
2  657 2 0 0 64
0

0101000
+491 0 -489 0 *
Wi

0101100
+490 0 -488 0 -519 0 +487 0 *
Fa
0  1e-07 202 0

0101000
+486 0 *
Ve
1e-07
0 -38.5 20
0 0

0101101
*
Ed
 1e-07 1 1 0
1  295 0 0 2
0

0101000
+524 0 -484 0 *
Ed
 1e-07 1 1 0
1  296 0 0 7
2  658 2 0 0 7
0

0101000
+489 0 -484 0 *
Wi

0101100
+488 0 -483 0 -521 0 +482 0 *
Fa
0  1e-07 203 0

0101000
+481 0 *
Ve
1e-07
7 -38.5 20
0 0

0101101
*
Ed
 1e-07 1 1 0
1  297 0 0 2
0

0101000
+526 0 -479 0 *
Ed
 1e-07 1 1 0
1  298 0 0 7
2  659 2 0 0 7
0

0101000
+484 0 -479 0 *
Wi

0101100
+483 0 -478 0 -523 0 +477 0 *
Fa
0  1e-07 204 0

0101000
+476 0 *
Ve
1e-07
7 -38.5 7
0 0

0101101
*
Ed
 1e-07 1 1 0
1  299 0 0 2
0

0101000
+528 0 -474 0 *
Ed
 1e-07 1 1 0
1  300 0 0 13
2  660 2 0 0 13
0

0101000
+479 0 -474 0 *
Wi

0101100
+478 0 -473 0 -525 0 +472 0 *
Fa
0  1e-07 205 0

0101000
+471 0 *
Ve
1e-07
0 -38.5 7
0 0

0101101
*
Ed
 1e-07 1 1 0
1  301 0 0 2
2  661 192 0 0 2
0

0101000
+530 0 -469 0 *
Ed
 1e-07 1 1 0
1  302 0 0 7
2  662 2 0 0 7
0

0101000
+474 0 -469 0 *
Wi

0101100
+473 0 -468 0 -527 0 +467 0 *
Fa
0  1e-07 206 0

0101000
+466 0 *
Ve
1e-07
83 -18 21
0 0

0101101
*
Ed
 1e-07 1 1 0
1  303 0 0 19
2  663 122 0 0 19
2  664 10 0 0 19
0

0101000
+464 0 -890 0 *
Ve
1e-07
122 -18 21
0 0

0101101
*
Ed
 1e-07 1 1 0
1  304 0 0 39
2  665 122 0 0 39
0

0101000
+462 0 -464 0 *
Ed
 1e-07 1 1 0
1  305 0 2 21
2  666 122 0 2 21
2  667 121 0 2 21
0

0101000
+892 0 -462 0 *
Wi

0101100
+463 0 +461 0 +460 0 +889 0 *
Ve
1e-07
88 -18 15.5
0 0

0101101
*
Ve
1e-07
88 -18 18.5
0 0

0101101
*
Ed
 1e-07 1 1 0
1  306 0 0 3.14159265358979
2  668 207 0 0 3.14159265358979
2  669 208 0 0 3.14159265358979
2  670 122 0 0 3.14159265358979
0

0101000
+458 0 -457 0 *
Ve
1e-07
117 -18 15.5
0 0

0101101
*
Ed
 1e-07 1 1 0
1  307 0 0 29
2  671 208 0 0 29
2  672 209 0 0 29
2  673 122 0 0 29
0

0101000
+455 0 -458 0 *
Ve
1e-07
117 -18 18.5
0 0

0101101
*
Ed
 1e-07 1 1 0
1  308 0 0 29
2  674 208 0 0 29
2  675 210 0 0 29
2  676 122 0 0 29
0

0101000
+457 0 -453 0 *
Ed
 1e-07 1 1 0
1  309 0 0 3.14159265358979
2  677 211 0 0 3.14159265358979
2  678 208 0 0 3.14159265358979
2  679 122 0 0 3.14159265358979
0

0101000
+453 0 -455 0 *
Wi

0101100
+456 0 +454 0 +452 0 +451 0 *
Fa
0  1e-07 122 0

0101000
+459 0 +450 0 *
Ve
1e-07
117 -20 18.5
0 0

0101101
*
Ed
 1e-07 1 1 0
1  310 0 0 2
2  680 211 0 0 2
4 G1 210 0 211 0
2  681 210 0 0 2
0

0101000
+453 0 -448 0 *
Ve
1e-07
117 -20 15.5
0 0

0101101
*
Ed
 1e-07 1 1 0
1  311 0 0 2
2  682 211 0 0 2
4 G1 211 0 209 0
2  683 209 0 0 2
0

0101000
+455 0 -446 0 *
Ed
 1e-07 1 1 0
1  312 0 0 3.14159265358979
2  684 211 0 0 3.14159265358979
2  685 212 0 0 3.14159265358979
2  686 11 0 0 3.14159265358979
0

0101000
+448 0 -446 0 *
Wi

0101100
+447 0 -445 0 -451 0 +444 0 *
Fa
0  1e-07 211 0

0101000
+443 0 *
Ve
1e-07
88 -20 18.5
0 0

0101101
*
Ed
 1e-07 1 1 0
1  313 0 0 2
2  687 207 0 0 2
4 G1 210 0 207 0
2  688 210 0 0 2
0

0101000
+457 0 -441 0 *
Ed
 1e-07 1 1 0
1  314 0 0 29
2  689 212 0 0 29
2  690 210 0 0 29
2  691 11 0 0 29
0

0101000
+441 0 -448 0 *
Wi

0101100
+440 0 -447 0 -452 0 +439 0 *
Fa
0  1e-07 210 0

0101000
+438 0 *
Ve
1e-07
88 -20 15.5
0 0

0101101
*
Ed
 1e-07 1 1 0
1  315 0 0 2
2  692 207 0 0 2
4 G1 209 0 207 0
2  693 209 0 0 2
0

0101000
+458 0 -436 0 *
Ed
 1e-07 1 1 0
1  316 0 0 29
2  694 212 0 0 29
2  695 209 0 0 29
2  696 11 0 0 29
0

0101000
+446 0 -436 0 *
Wi

0101100
+445 0 -435 0 -454 0 +434 0 *
Fa
0  1e-07 209 0

0101000
+433 0 *
Ed
 1e-07 1 1 0
1  317 0 0 3.14159265358979
2  697 207 0 0 3.14159265358979
2  698 212 0 0 3.14159265358979
2  699 11 0 0 3.14159265358979
0

0101000
+436 0 -441 0 *
Wi

0101100
+435 0 -440 0 -456 0 +431 0 *
Fa
0  1e-07 207 0

0101000
+430 0 *
Ve
1e-07
122 -20 21
0 0

0101101
*
Ed
 1e-07 1 1 0
1  318 0 0 2
2  700 121 0 0 2
0

0101000
+462 0 -428 0 *
Ve
1e-07
83 -20 21
0 0

0101101
*
Ed
 1e-07 1 1 0
1  319 0 0 2
2  701 10 0 0 2
0

0101000
+464 0 -426 0 *
Ed
 1e-07 1 1 0
1  320 0 0 39
2  702 11 0 0 39
0

0101000
+428 0 -426 0 *
Wi

0101100
+427 0 -425 0 -461 0 +424 0 *
Fa
0  1e-07 213 0

0101000
+423 0 *
Ed
 1e-07 1 1 0
1  321 0 2 21
2  703 11 0 2 21
2  704 121 0 2 21
0

0101000
+894 0 -428 0 *
Wi

0101100
-460 0 -427 0 +421 0 +891 0 *
Fa
0  1e-07 121 0

0101000
+420 0 *
Ve
1.5e-07
173.694390715667 -4 1.75
0 0

0101101
*
Ed
 1e-07 1 1 0
1  322 0 0 0.541099525957147
2  705 119 0 0 0.541099525957147
2  706 120 0 0 0.541099525957147
0

0101000
+418 0 -920 0 *
Ve
1e-07
172 -4 5.25
0 0

0101101
*
Ed
 1e-07 1 1 0
1  323 0 0.541099525957146 3.14159265358979
2  707 120 0 0.541099525957146 3.14159265358979
2  708 214 0 0.541099525957146 3.14159265358979
2  709 14 0 0.541099525957146 3.14159265358979
0

0101000
+918 0 -416 0 *
Ve
1e-07
174 -4 5.25
0 0

0101101
*
Ed
 1e-07 1 1 0
1  324 0 0 2
2  710 120 0 0 2
4 G1 215 0 120 0
2  711 215 0 0 2
0

0101000
+416 0 -414 0 *
Ve
1e-07
174 -4 1.75
0 0

0101101
*
Ed
 1e-07 1 1 0
1  325 0 0 3.14159265358979
2  712 120 0 0 3.14159265358979
2  713 216 0 0 3.14159265358979
2  714 17 0 0 3.14159265358979
0

0101000
+412 0 -414 0 *
Ed
 1e-07 1 1 0
1  326 0 1.69439071566731 2
2  715 120 0 1.69439071566731 2
4 G1 217 0 120 0
2  716 217 0 1.69439071566731 2
0

0101000
+418 0 -412 0 *
Wi

0101100
-417 0 -917 0 -415 0 -413 0 +411 0 +410 0 *
Fa
0  1e-07 120 0

0101000
+409 0 *
Ve
1.5e-07
173.694390715667 4 1.75
0 0

0101101
*
Ed
 1.5e-07 1 1 0
1  327 0 -10.9941972920696 -2.99419729206963
2  717 119 0 -10.9941972920696 -2.99419729206963
2  718 217 0 -10.9941972920696 -2.99419729206963
0

0101000
+407 0 -418 0 *
Ve
1e-07
174 4 1.75
0 0

0101101
*
Ed
 1e-07 1 1 0
1  328 0 0 8
2  719 216 0 0 8
2  720 217 0 0 8
2  721 17 0 0 8
0

0101000
+405 0 -412 0 *
Ed
 1e-07 1 1 0
1  329 0 1.69439071566731 2
2  722 118 0 1.69439071566731 2
4 G1 118 0 217 0
2  723 217 0 1.69439071566731 2
0

0101000
+407 0 -405 0 *
Wi

0101100
-406 0 -410 0 +404 0 +403 0 *
Fa
0  1e-07 217 0

0101000
+402 0 *
Ve
1e-07
172 4 5.25
0 0

0101101
*
Ve
1e-07
174 4 5.25
0 0

0101101
*
Ed
 1e-07 1 1 0
1  330 0 0 2
2  724 118 0 0 2
4 G1 215 0 118 0
2  725 215 0 0 2
0

0101000
+400 0 -399 0 *
Ed
 1e-07 1 1 0
1  331 0 0 8
2  726 214 0 0 8
2  727 215 0 0 8
2  728 14 0 0 8
0

0101000
+416 0 -400 0 *
Ed
 1e-07 1 1 0
1  332 0 0 8
2  729 216 0 0 8
2  730 215 0 0 8
2  731 17 0 0 8
0

0101000
+414 0 -399 0 *
Wi

0101100
+413 0 -398 0 -397 0 +396 0 *
Fa
0  1e-07 215 0

0101000
+395 0 *
Ed
 1e-07 1 1 0
1  333 0 2.60049312763265 3.14159265358979
2  732 119 0 2.60049312763265 3.14159265358979
2  733 118 0 2.60049312763265 3.14159265358979
0

0101000
+922 0 -407 0 *
Wi

0101100
+417 0 +406 0 +393 0 +919 0 *
Fa
0  1e-07 119 0

0101000
+392 0 *
Ed
 1e-07 1 1 0
1  334 0 0 2.60049312763265
2  734 118 0 0 2.60049312763265
2  735 214 0 0 2.60049312763265
2  736 14 0 0 2.60049312763265
0

0101000
+400 0 -924 0 *
Ed
 1e-07 1 1 0
1  335 0 0 3.14159265358979
2  737 118 0 0 3.14159265358979
2  738 216 0 0 3.14159265358979
2  739 17 0 0 3.14159265358979
0

0101000
+399 0 -405 0 *
Wi

0101100
-390 0 +921 0 -393 0 -403 0 +389 0 +398 0 *
Fa
0  1e-07 118 0

0101000
+388 0 *
Ed
 1e-07 1 1 0
1  336 0 0 2
3  740 741CN 112 0 0 2
0

0101000
+961 0 -702 0 *
Wi

0101100
+386 0 -386 0 -960 0 +701 0 *
Fa
0  1e-07 112 0

0101000
+385 0 *
Ed
 1e-07 1 1 0
1  337 0 0 2
3  742 743CN 110 0 0 2
0

0101000
+964 0 -705 0 *
Wi

0101100
+383 0 -383 0 -963 0 +704 0 *
Fa
0  1e-07 110 0

0101000
+382 0 *
Ed
 1e-07 1 1 0
1  338 0 0 2
3  744 745CN 108 0 0 2
0

0101000
+967 0 -708 0 *
Wi

0101100
+380 0 -380 0 -966 0 +707 0 *
Fa
0  1e-07 108 0

0101000
+379 0 *
Ed
 1e-07 1 1 0
1  339 0 0 2
3  746 747CN 106 0 0 2
0

0101000
+970 0 -711 0 *
Wi

0101100
+377 0 -377 0 -969 0 +710 0 *
Fa
0  1e-07 106 0

0101000
+376 0 *
Ed
 1e-07 1 1 0
1  340 0 0 2
3  748 749CN 104 0 0 2
0

0101000
+973 0 -714 0 *
Wi

0101100
+374 0 -374 0 -972 0 +713 0 *
Fa
0  1e-07 104 0

0101000
+373 0 *
Ed
 1e-07 1 1 0
1  341 0 0 2
2  750 102 0 0 2
2  751 103 0 0 2
0

0101000
+977 0 -720 0 *
Ed
 1e-07 1 1 0
1  342 0 0 2
2  752 103 0 0 2
2  753 100 0 0 2
0

0101000
+982 0 -723 0 *
Wi

0101100
+371 0 -370 0 -975 0 +719 0 *
Fa
0  1e-07 103 0

0101000
+369 0 *
Ed
 1e-07 1 1 0
1  343 0 0 2
2  754 101 0 0 2
2  755 102 0 0 2
0

0101000
+979 0 -718 0 *
Wi

0101100
+367 0 -371 0 -976 0 +716 0 *
Fa
0  1e-07 102 0

0101000
+366 0 *
Ed
 1e-07 1 1 0
1  344 0 0 2
2  756 101 0 0 2
2  757 100 0 0 2
0

0101000
+981 0 -722 0 *
Wi

0101100
+364 0 -367 0 -978 0 +717 0 *
Fa
0  1e-07 101 0

0101000
+363 0 *
Wi

0101100
+370 0 -364 0 -980 0 +721 0 *
Fa
0  1e-07 100 0

0101000
+361 0 *
Ed
 1e-07 1 1 0
1  345 0 0 2
2  758 97 0 0 2
4 G1 97 0 98 0
2  759 98 0 0 2
0

0101000
+986 0 -738 0 *
Ed
 1e-07 1 1 0
1  346 0 0 2
2  760 94 0 0 2
4 G1 98 0 94 0
2  761 98 0 0 2
0

0101000
+991 0 -741 0 *
Wi

0101100
+359 0 -358 0 -984 0 +737 0 *
Fa
0  1e-07 98 0

0101000
+357 0 *
Ed
 1e-07 1 1 0
1  347 0 0 2
2  762 97 0 0 2
4 G1 96 0 97 0
2  763 96 0 0 2
0

0101000
+988 0 -736 0 *
Wi

0101100
+355 0 -359 0 -985 0 +734 0 *
Fa
0  1e-07 97 0

0101000
+354 0 *
Ed
 1e-07 1 1 0
1  348 0 0 2
2  764 94 0 0 2
4 G1 96 0 94 0
2  765 96 0 0 2
0

0101000
+990 0 -740 0 *
Wi

0101100
+352 0 -355 0 -987 0 +735 0 *
Fa
0  1e-07 96 0

0101000
+351 0 *
Wi

0101100
+358 0 -352 0 -989 0 +739 0 *
Fa
0  1e-07 94 0

0101000
+349 0 *
Ed
 1e-07 1 1 0
1  349 0 0 2
3  766 767CN 92 0 0 2
0

0101000
+994 0 -744 0 *
Wi

0101100
+347 0 -347 0 -993 0 +743 0 *
Fa
0  1e-07 92 0

0101000
+346 0 *
Ed
 1e-07 1 1 0
1  350 0 0 2
3  768 769CN 90 0 0 2
0

0101000
+997 0 -747 0 *
Wi

0101100
+344 0 -344 0 -996 0 +746 0 *
Fa
0  1e-07 90 0

0101000
+343 0 *
Ed
 1e-07 1 1 0
1  351 0 0 2
2  770 88 0 0 2
4 G1 88 0 89 0
2  771 89 0 0 2
0

0101000
+1001 0 -753 0 *
Ed
 1e-07 1 1 0
1  352 0 0 2
2  772 85 0 0 2
4 G1 89 0 85 0
2  773 89 0 0 2
0

0101000
+1006 0 -756 0 *
Wi

0101100
+341 0 -340 0 -999 0 +752 0 *
Fa
0  1e-07 89 0

0101000
+339 0 *
Ed
 1e-07 1 1 0
1  353 0 0 2
2  774 88 0 0 2
4 G1 87 0 88 0
2  775 87 0 0 2
0

0101000
+1003 0 -751 0 *
Wi

0101100
+337 0 -341 0 -1000 0 +749 0 *
Fa
0  1e-07 88 0

0101000
+336 0 *
Ed
 1e-07 1 1 0
1  354 0 0 2
2  776 85 0 0 2
4 G1 87 0 85 0
2  777 87 0 0 2
0

0101000
+1005 0 -755 0 *
Wi

0101100
+334 0 -337 0 -1002 0 +750 0 *
Fa
0  1e-07 87 0

0101000
+333 0 *
Wi

0101100
+340 0 -334 0 -1004 0 +754 0 *
Fa
0  1e-07 85 0

0101000
+331 0 *
Ed
 1e-07 1 1 0
1  355 0 0 2
3  778 779CN 83 0 0 2
0

0101000
+1009 0 -759 0 *
Wi

0101100
+329 0 -329 0 -1008 0 +758 0 *
Fa
0  1e-07 83 0

0101000
+328 0 *
Ed
 1e-07 1 1 0
1  356 0 0 2
2  780 81 0 0 2
4 G1 81 0 82 0
2  781 82 0 0 2
0

0101000
+1013 0 -765 0 *
Ed
 1e-07 1 1 0
1  357 0 0 2
2  782 78 0 0 2
4 G1 82 0 78 0
2  783 82 0 0 2
0

0101000
+1018 0 -768 0 *
Wi

0101100
+326 0 -325 0 -1011 0 +764 0 *
Fa
0  1e-07 82 0

0101000
+324 0 *
Ed
 1e-07 1 1 0
1  358 0 0 2
2  784 81 0 0 2
4 G1 80 0 81 0
2  785 80 0 0 2
0

0101000
+1015 0 -763 0 *
Wi

0101100
+322 0 -326 0 -1012 0 +761 0 *
Fa
0  1e-07 81 0

0101000
+321 0 *
Ed
 1e-07 1 1 0
1  359 0 0 2
2  786 78 0 0 2
4 G1 80 0 78 0
2  787 80 0 0 2
0

0101000
+1017 0 -767 0 *
Wi

0101100
+319 0 -322 0 -1014 0 +762 0 *
Fa
0  1e-07 80 0

0101000
+318 0 *
Wi

0101100
+325 0 -319 0 -1016 0 +766 0 *
Fa
0  1e-07 78 0

0101000
+316 0 *
Ed
 1e-07 1 1 0
1  360 0 0 2
2  788 76 0 0 2
2  789 77 0 0 2
0

0101000
+1022 0 -774 0 *
Ed
 1e-07 1 1 0
1  361 0 0 2
2  790 77 0 0 2
2  791 74 0 0 2
0

0101000
+1027 0 -777 0 *
Wi

0101100
+314 0 -313 0 -1020 0 +773 0 *
Fa
0  1e-07 77 0

0101000
+312 0 *
Ed
 1e-07 1 1 0
1  362 0 0 2
2  792 75 0 0 2
2  793 76 0 0 2
0

0101000
+1024 0 -772 0 *
Wi

0101100
+310 0 -314 0 -1021 0 +770 0 *
Fa
0  1e-07 76 0

0101000
+309 0 *
Ed
 1e-07 1 1 0
1  363 0 0 2
2  794 75 0 0 2
2  795 74 0 0 2
0

0101000
+1026 0 -776 0 *
Wi

0101100
+307 0 -310 0 -1023 0 +771 0 *
Fa
0  1e-07 75 0

0101000
+306 0 *
Wi

0101100
+313 0 -307 0 -1025 0 +775 0 *
Fa
0  1e-07 74 0

0101000
+304 0 *
Ed
 1e-07 1 1 0
1  364 0 0 2
3  796 797CN 71 0 0 2
0

0101000
+1030 0 -780 0 *
Wi

0101100
+302 0 -302 0 -1029 0 +779 0 *
Fa
0  1e-07 71 0

0101000
+301 0 *
Ed
 1e-07 1 1 0
1  365 0 0 2
3  798 799CN 69 0 0 2
0

0101000
+1033 0 -783 0 *
Wi

0101100
+299 0 -299 0 -1032 0 +782 0 *
Fa
0  1e-07 69 0

0101000
+298 0 *
Ed
 1e-07 1 1 0
1  366 0 0 2
3  800 801CN 67 0 0 2
0

0101000
+1036 0 -786 0 *
Wi

0101100
+296 0 -296 0 -1035 0 +785 0 *
Fa
0  1e-07 67 0

0101000
+295 0 *
Ed
 1e-07 1 1 0
1  367 0 0 2
3  802 803CN 65 0 0 2
0

0101000
+1039 0 -789 0 *
Wi

0101100
+293 0 -293 0 -1038 0 +788 0 *
Fa
0  1e-07 65 0

0101000
+292 0 *
Ed
 1e-07 1 1 0
1  368 0 0 2
3  804 805CN 63 0 0 2
0

0101000
+1042 0 -792 0 *
Wi

0101100
+290 0 -290 0 -1041 0 +791 0 *
Fa
0  1e-07 63 0

0101000
+289 0 *
Ed
 1e-07 1 1 0
1  369 0 0 2
3  806 807CN 61 0 0 2
0

0101000
+1045 0 -795 0 *
Wi

0101100
+287 0 -287 0 -1044 0 +794 0 *
Fa
0  1e-07 61 0

0101000
+286 0 *
Ed
 1e-07 1 1 0
1  370 0 0 2
2  808 59 0 0 2
4 G1 59 0 60 0
2  809 60 0 0 2
0

0101000
+1049 0 -801 0 *
Ed
 1e-07 1 1 0
1  371 0 0 2
2  810 56 0 0 2
4 G1 60 0 56 0
2  811 60 0 0 2
0

0101000
+1054 0 -804 0 *
Wi

0101100
+284 0 -283 0 -1047 0 +800 0 *
Fa
0  1e-07 60 0

0101000
+282 0 *
Ed
 1e-07 1 1 0
1  372 0 0 2
2  812 59 0 0 2
4 G1 58 0 59 0
2  813 58 0 0 2
0

0101000
+1051 0 -799 0 *
Wi

0101100
+280 0 -284 0 -1048 0 +797 0 *
Fa
0  1e-07 59 0

0101000
+279 0 *
Ed
 1e-07 1 1 0
1  373 0 0 2
2  814 56 0 0 2
4 G1 58 0 56 0
2  815 58 0 0 2
0

0101000
+1053 0 -803 0 *
Wi

0101100
+277 0 -280 0 -1050 0 +798 0 *
Fa
0  1e-07 58 0

0101000
+276 0 *
Wi

0101100
+283 0 -277 0 -1052 0 +802 0 *
Fa
0  1e-07 56 0

0101000
+274 0 *
Ed
 1e-07 1 1 0
1  374 0 0 2
2  816 54 0 0 2
4 G1 54 0 55 0
2  817 55 0 0 2
0

0101000
+1058 0 -810 0 *
Ed
 1e-07 1 1 0
1  375 0 0 2
2  818 51 0 0 2
4 G1 55 0 51 0
2  819 55 0 0 2
0

0101000
+1063 0 -813 0 *
Wi

0101100
+272 0 -271 0 -1056 0 +809 0 *
Fa
0  1e-07 55 0

0101000
+270 0 *
Ed
 1e-07 1 1 0
1  376 0 0 2
2  820 54 0 0 2
4 G1 53 0 54 0
2  821 53 0 0 2
0

0101000
+1060 0 -808 0 *
Wi

0101100
+268 0 -272 0 -1057 0 +806 0 *
Fa
0  1e-07 54 0

0101000
+267 0 *
Ed
 1e-07 1 1 0
1  377 0 0 2
2  822 51 0 0 2
4 G1 53 0 51 0
2  823 53 0 0 2
0

0101000
+1062 0 -812 0 *
Wi

0101100
+265 0 -268 0 -1059 0 +807 0 *
Fa
0  1e-07 53 0

0101000
+264 0 *
Wi

0101100
+271 0 -265 0 -1061 0 +811 0 *
Fa
0  1e-07 51 0

0101000
+262 0 *
Ed
 1e-07 1 1 0
1  378 0 0 2
2  824 49 0 0 2
4 G1 49 0 50 0
2  825 50 0 0 2
0

0101000
+1067 0 -819 0 *
Ed
 1e-07 1 1 0
1  379 0 0 2
2  826 46 0 0 2
4 G1 50 0 46 0
2  827 50 0 0 2
0

0101000
+1072 0 -822 0 *
Wi

0101100
+260 0 -259 0 -1065 0 +818 0 *
Fa
0  1e-07 50 0

0101000
+258 0 *
Ed
 1e-07 1 1 0
1  380 0 0 2
2  828 49 0 0 2
4 G1 48 0 49 0
2  829 48 0 0 2
0

0101000
+1069 0 -817 0 *
Wi

0101100
+256 0 -260 0 -1066 0 +815 0 *
Fa
0  1e-07 49 0

0101000
+255 0 *
Ed
 1e-07 1 1 0
1  381 0 0 2
2  830 46 0 0 2
4 G1 48 0 46 0
2  831 48 0 0 2
0

0101000
+1071 0 -821 0 *
Wi

0101100
+253 0 -256 0 -1068 0 +816 0 *
Fa
0  1e-07 48 0

0101000
+252 0 *
Wi

0101100
+259 0 -253 0 -1070 0 +820 0 *
Fa
0  1e-07 46 0

0101000
+250 0 *
Ed
 1e-07 1 1 0
1  382 0 0 2
3  832 833CN 44 0 0 2
0

0101000
+1075 0 -825 0 *
Wi

0101100
+248 0 -248 0 -1074 0 +824 0 *
Fa
0  1e-07 44 0

0101000
+247 0 *
Ed
 1e-07 1 1 0
1  383 0 0 2
2  834 42 0 0 2
4 G1 42 0 43 0
2  835 43 0 0 2
0

0101000
+1079 0 -831 0 *
Ed
 1e-07 1 1 0
1  384 0 0 2
2  836 39 0 0 2
4 G1 43 0 39 0
2  837 43 0 0 2
0

0101000
+1084 0 -834 0 *
Wi

0101100
+245 0 -244 0 -1077 0 +830 0 *
Fa
0  1e-07 43 0

0101000
+243 0 *
Ed
 1e-07 1 1 0
1  385 0 0 2
2  838 42 0 0 2
4 G1 41 0 42 0
2  839 41 0 0 2
0

0101000
+1081 0 -829 0 *
Wi

0101100
+241 0 -245 0 -1078 0 +827 0 *
Fa
0  1e-07 42 0

0101000
+240 0 *
Ed
 1e-07 1 1 0
1  386 0 0 2
2  840 39 0 0 2
4 G1 41 0 39 0
2  841 41 0 0 2
0

0101000
+1083 0 -833 0 *
Wi

0101100
+238 0 -241 0 -1080 0 +828 0 *
Fa
0  1e-07 41 0

0101000
+237 0 *
Wi

0101100
+244 0 -238 0 -1082 0 +832 0 *
Fa
0  1e-07 39 0

0101000
+235 0 *
Ed
 1e-07 1 1 0
1  387 0 0 2
3  842 843CN 37 0 0 2
0

0101000
+1087 0 -837 0 *
Wi

0101100
+233 0 -233 0 -1086 0 +836 0 *
Fa
0  1e-07 37 0

0101000
+232 0 *
Ed
 1e-07 1 1 0
1  388 0 0 2
2  844 35 0 0 2
4 G1 35 0 36 0
2  845 36 0 0 2
0

0101000
+1091 0 -843 0 *
Ed
 1e-07 1 1 0
1  389 0 0 2
2  846 32 0 0 2
4 G1 36 0 32 0
2  847 36 0 0 2
0

0101000
+1096 0 -846 0 *
Wi

0101100
+230 0 -229 0 -1089 0 +842 0 *
Fa
0  1e-07 36 0

0101000
+228 0 *
Ed
 1e-07 1 1 0
1  390 0 0 2
2  848 35 0 0 2
4 G1 34 0 35 0
2  849 34 0 0 2
0

0101000
+1093 0 -841 0 *
Wi

0101100
+226 0 -230 0 -1090 0 +839 0 *
Fa
0  1e-07 35 0

0101000
+225 0 *
Ed
 1e-07 1 1 0
1  391 0 0 2
2  850 32 0 0 2
4 G1 34 0 32 0
2  851 34 0 0 2
0

0101000
+1095 0 -845 0 *
Wi

0101100
+223 0 -226 0 -1092 0 +840 0 *
Fa
0  1e-07 34 0

0101000
+222 0 *
Wi

0101100
+229 0 -223 0 -1094 0 +844 0 *
Fa
0  1e-07 32 0

0101000
+220 0 *
Ed
 1e-07 1 1 0
1  392 0 0 2
3  852 853CN 30 0 0 2
0

0101000
+1099 0 -849 0 *
Wi

0101100
+218 0 -218 0 -1098 0 +848 0 *
Fa
0  1e-07 30 0

0101000
+217 0 *
Ed
 1e-07 1 1 0
1  393 0 0 2
3  854 855CN 28 0 0 2
0

0101000
+1102 0 -852 0 *
Wi

0101100
+215 0 -215 0 -1101 0 +851 0 *
Fa
0  1e-07 28 0

0101000
+214 0 *
Ed
 1e-07 1 1 0
1  394 0 0 2
3  856 857CN 26 0 0 2
0

0101000
+1105 0 -689 0 *
Wi

0101100
+212 0 -212 0 -1104 0 +688 0 *
Fa
0  1e-07 26 0

0101000
+211 0 *
Ed
 1e-07 1 1 0
1  395 0 0 2
2  858 24 0 0 2
4 G1 25 0 24 0
2  859 25 0 0 2
0

0101000
+1109 0 -697 0 *
Ed
 1e-07 1 1 0
1  396 0 0 2
2  860 21 0 0 2
4 G1 25 0 21 0
2  861 25 0 0 2
0

0101000
+1114 0 -693 0 *
Wi

0101100
+209 0 -208 0 -1107 0 +692 0 *
Fa
0  1e-07 25 0

0101000
+207 0 *
Ed
 1e-07 1 1 0
1  397 0 0 2
2  862 24 0 0 2
4 G1 23 0 24 0
2  863 23 0 0 2
0

0101000
+1111 0 -698 0 *
Wi

0101100
+205 0 -209 0 -1108 0 +696 0 *
Fa
0  1e-07 24 0

0101000
+204 0 *
Ed
 1e-07 1 1 0
1  398 0 0 2
2  864 21 0 0 2
4 G1 21 0 23 0
2  865 23 0 0 2
0

0101000
+1113 0 -695 0 *
Wi

0101100
+202 0 -205 0 -1110 0 +694 0 *
Fa
0  1e-07 23 0

0101000
+201 0 *
Wi

0101100
+208 0 -202 0 -1112 0 +691 0 *
Fa
0  1e-07 21 0

0101000
+199 0 *
Ed
 1e-07 1 1 0
1  399 0 0 2
2  866 20 0 0 2
0

0101000
+1118 0 -858 0 *
Ed
 1e-07 1 1 0
1  400 0 0 2
2  867 124 0 0 2
0

0101000
+1190 0 -860 0 *
Wi

0101100
+197 0 -196 0 -1116 0 +857 0 *
Fa
0  1e-07 218 0

0101000
+195 0 *
Ed
 1e-07 1 1 0
1  401 0 0 2
2  868 20 0 0 2
0

0101000
+1120 0 -856 0 *
Wi

0101100
+193 0 -197 0 -1117 0 +855 0 *
Fa
0  1e-07 20 0

0101000
+192 0 *
Ed
 1e-07 1 1 0
1  402 0 0 2
0

0101000
+1122 0 -948 0 *
Wi

0101100
+190 0 -193 0 -1119 0 +854 0 *
Fa
0  1e-07 219 0

0101000
+189 0 *
Ed
 1e-07 1 1 0
1  403 0 0 2
0

0101000
+1124 0 -949 0 *
Wi

0101100
+187 0 -190 0 -1121 0 +947 0 *
Fa
0  1e-07 220 0

0101000
+186 0 *
Ed
 1e-07 1 1 0
1  404 0 0 2
0

0101000
+1126 0 -946 0 *
Wi

0101100
+184 0 -187 0 -1123 0 +945 0 *
Fa
0  1e-07 221 0

0101000
+183 0 *
Ed
 1e-07 1 1 0
1  405 0 0 2
0

0101000
+1128 0 -944 0 *
Wi

0101100
+181 0 -184 0 -1125 0 +943 0 *
Fa
0  1e-07 222 0

0101000
+180 0 *
Ed
 1e-07 1 1 0
1  406 0 0 2
0

0101000
+1130 0 -942 0 *
Wi

0101100
+178 0 -181 0 -1127 0 +941 0 *
Fa
0  1e-07 223 0

0101000
+177 0 *
Ed
 1e-07 1 1 0
1  407 0 0 2
0

0101000
+1132 0 -940 0 *
Wi

0101100
+175 0 -178 0 -1129 0 +939 0 *
Fa
0  1e-07 224 0

0101000
+174 0 *
Ed
 1e-07 1 1 0
1  408 0 0 2
0

0101000
+1134 0 -938 0 *
Wi

0101100
+172 0 -175 0 -1131 0 +937 0 *
Fa
0  1e-07 225 0

0101000
+171 0 *
Ed
 1e-07 1 1 0
1  409 0 0 2
0

0101000
+1136 0 -936 0 *
Wi

0101100
+169 0 -172 0 -1133 0 +935 0 *
Fa
0  1e-07 226 0

0101000
+168 0 *
Ed
 1e-07 1 1 0
1  410 0 0 2
0

0101000
+1138 0 -934 0 *
Wi

0101100
+166 0 -169 0 -1135 0 +933 0 *
Fa
0  1e-07 227 0

0101000
+165 0 *
Ed
 1e-07 1 1 0
1  411 0 0 2
0

0101000
+1140 0 -932 0 *
Wi

0101100
+163 0 -166 0 -1137 0 +931 0 *
Fa
0  1e-07 228 0

0101000
+162 0 *
Ed
 1e-07 1 1 0
1  412 0 0 2
0

0101000
+1142 0 -930 0 *
Wi

0101100
+160 0 -163 0 -1139 0 +929 0 *
Fa
0  1e-07 229 0

0101000
+159 0 *
Ed
 1e-07 1 1 0
1  413 0 0 2
2  869 19 0 0 2
0

0101000
+1144 0 -928 0 *
Wi

0101100
+157 0 -160 0 -1141 0 +927 0 *
Fa
0  1e-07 230 0

0101000
+156 0 *
Ed
 1.5e-07 1 1 0
1  414 0 -6 -4
2  870 19 0 -6 -4
2  871 14 0 -6 -4
0

0101000
+1146 0 -926 0 *
Wi

0101100
-1143 0 -157 0 +925 0 +154 0 *
Fa
0  1e-07 19 0

0101000
+153 0 *
Ve
1e-07
172 30 24
0 0

0101101
*
Ve
1e-07
174 30 24
0 0

0101101
*
Ed
 1e-07 1 1 0
1  415 0 0 2
2  872 18 0 0 2
0

0101000
+151 0 -150 0 *
Ed
 1e-07 1 1 0
1  416 0 0 24
2  873 14 0 0 24
2  874 18 0 0 24
0

0101000
+1148 0 -151 0 *
Ed
 1e-07 1 1 0
1  417 0 0 24
2  875 17 0 0 24
2  876 18 0 0 24
0

0101000
+1150 0 -150 0 *
Wi

0101100
+1147 0 -149 0 -148 0 +147 0 *
Fa
0  1e-07 18 0

0101000
+146 0 *
Ve
1e-07
172 -30 24
0 0

0101101
*
Ve
1e-07
174 -30 24
0 0

0101101
*
Ed
 1e-07 1 1 0
1  418 0 0 2
2  877 16 0 0 2
0

0101000
+144 0 -143 0 *
Ed
 1e-07 1 1 0
1  419 0 0 60
2  878 14 0 0 60
0

0101000
+151 0 -144 0 *
Ed
 1e-07 1 1 0
1  420 0 0 60
2  879 17 0 0 60
0

0101000
+150 0 -143 0 *
Wi

0101100
+149 0 -142 0 -141 0 +140 0 *
Fa
0  1e-07 231 0

0101000
+139 0 *
Ed
 1e-07 1 1 0
1  421 0 0 24
2  880 17 0 0 24
2  881 16 0 0 24
0

0101000
+143 0 -1152 0 *
Wi

0101100
+1149 0 +137 0 +147 0 +140 0 *
Ve
1e-07
174 28.5 12
0 0

0101101
*
Ed
 1e-07 1 1 0
1  422 0 0 6.28318530717959
2  882 232 0 0 6.28318530717959
2  883 233 0 0 6.28318530717959
2  884 17 0 0 6.28318530717959
0

0101000
+135 0 -135 0 *
Wi

0101100
-134 0 *
Ve
1e-07
174 24.5 12
0 0

0101101
*
Ed
 1e-07 1 1 0
1  423 0 0 6.28318530717959
2  885 234 0 0 6.28318530717959
2  886 235 0 0 6.28318530717959
2  887 17 0 0 6.28318530717959
0

0101000
+132 0 -132 0 *
Wi

0101100
-131 0 *
Wi

0101100
+411 0 +404 0 +389 0 +396 0 *
Ve
1e-07
174 -4 19.75
0 0

0101101
*
Ve
1e-07
174 -4 22.25
0 0

0101101
*
Ed
 1e-07 1 1 0
1  424 0 0 3.14159265358979
2  888 236 0 0 3.14159265358979
2  889 237 0 0 3.14159265358979
2  890 17 0 0 3.14159265358979
0

0101000
+128 0 -127 0 *
Ve
1e-07
174 4 19.75
0 0

0101101
*
Ed
 1e-07 1 1 0
1  425 0 0 8
2  891 237 0 0 8
2  892 238 0 0 8
2  893 17 0 0 8
0

0101000
+125 0 -128 0 *
Ve
1e-07
174 4 22.25
0 0

0101101
*
Ed
 1e-07 1 1 0
1  426 0 0 8
2  894 237 0 0 8
2  895 239 0 0 8
2  896 17 0 0 8
0

0101000
+127 0 -123 0 *
Ed
 1e-07 1 1 0
1  427 0 0 3.14159265358979
2  897 240 0 0 3.14159265358979
2  898 237 0 0 3.14159265358979
2  899 17 0 0 3.14159265358979
0

0101000
+123 0 -125 0 *
Wi

0101100
+126 0 +124 0 +122 0 +121 0 *
Ve
1e-07
174 -5.5 12
0 0

0101101
*
Ed
 1e-07 1 1 0
1  428 0 0 6.28318530717959
2  900 241 0 0 6.28318530717959
2  901 242 0 0 6.28318530717959
2  902 17 0 0 6.28318530717959
0

0101000
+119 0 -119 0 *
Wi

0101100
-118 0 *
Ve
1e-07
174 -25.5 12
0 0

0101101
*
Ed
 1e-07 1 1 0
1  429 0 0 6.28318530717959
2  903 243 0 0 6.28318530717959
2  904 244 0 0 6.28318530717959
2  905 17 0 0 6.28318530717959
0

0101000
+116 0 -116 0 *
Wi

0101100
-115 0 *
Fa
0  1e-07 17 0

0101000
+136 0 +133 0 +130 0 +129 0 +120 0 +117 0 +114 0 *
Ve
1e-07
172 -25.5 12
0 0

0101101
*
Ed
 1e-07 1 1 0
1  430 0 0 2
3  906 907CN 243 0 0 2
0

0101000
+112 0 -116 0 *
Ed
 1e-07 1 1 0
1  431 0 0 6.28318530717959
2  908 243 0 0 6.28318530717959
2  909 245 0 0 6.28318530717959
2  910 14 0 0 6.28318530717959
0

0101000
+112 0 -112 0 *
Wi

0101100
+111 0 -111 0 -110 0 +115 0 *
Fa
0  1e-07 243 0

0101000
+109 0 *
Ve
1e-07
172 -5.5 12
0 0

0101101
*
Ed
 1e-07 1 1 0
1  432 0 0 2
3  911 912CN 241 0 0 2
0

0101000
+107 0 -119 0 *
Ed
 1e-07 1 1 0
1  433 0 0 6.28318530717959
2  913 241 0 0 6.28318530717959
2  914 246 0 0 6.28318530717959
2  915 14 0 0 6.28318530717959
0

0101000
+107 0 -107 0 *
Wi

0101100
+106 0 -106 0 -105 0 +118 0 *
Fa
0  1e-07 241 0

0101000
+104 0 *
Ve
1e-07
172 4 22.25
0 0

0101101
*
Ed
 1e-07 1 1 0
1  434 0 0 2
2  916 240 0 0 2
4 G1 239 0 240 0
2  917 239 0 0 2
0

0101000
+102 0 -123 0 *
Ve
1e-07
172 4 19.75
0 0

0101101
*
Ed
 1e-07 1 1 0
1  435 0 0 2
2  918 240 0 0 2
4 G1 240 0 238 0
2  919 238 0 0 2
0

0101000
+100 0 -125 0 *
Ed
 1e-07 1 1 0
1  436 0 0 3.14159265358979
2  920 240 0 0 3.14159265358979
2  921 247 0 0 3.14159265358979
2  922 14 0 0 3.14159265358979
0

0101000
+102 0 -100 0 *
Wi

0101100
+101 0 -99 0 -98 0 +121 0 *
Fa
0  1e-07 240 0

0101000
+97 0 *
Ve
1e-07
172 -4 22.25
0 0

0101101
*
Ed
 1e-07 1 1 0
1  437 0 0 2
2  923 236 0 0 2
4 G1 239 0 236 0
2  924 239 0 0 2
0

0101000
+95 0 -127 0 *
Ed
 1e-07 1 1 0
1  438 0 0 8
2  925 247 0 0 8
2  926 239 0 0 8
2  927 14 0 0 8
0

0101000
+95 0 -102 0 *
Wi

0101100
+94 0 -101 0 -93 0 +122 0 *
Fa
0  1e-07 239 0

0101000
+92 0 *
Ve
1e-07
172 -4 19.75
0 0

0101101
*
Ed
 1e-07 1 1 0
1  439 0 0 2
2  928 236 0 0 2
4 G1 238 0 236 0
2  929 238 0 0 2
0

0101000
+90 0 -128 0 *
Ed
 1e-07 1 1 0
1  440 0 0 8
2  930 247 0 0 8
2  931 238 0 0 8
2  932 14 0 0 8
0

0101000
+100 0 -90 0 *
Wi

0101100
+99 0 -89 0 -88 0 +124 0 *
Fa
0  1e-07 238 0

0101000
+87 0 *
Ed
 1e-07 1 1 0
1  441 0 0 3.14159265358979
2  933 236 0 0 3.14159265358979
2  934 247 0 0 3.14159265358979
2  935 14 0 0 3.14159265358979
0

0101000
+90 0 -95 0 *
Wi

0101100
+89 0 -94 0 -85 0 +126 0 *
Fa
0  1e-07 236 0

0101000
+84 0 *
Ve
1e-07
172 24.5 12
0 0

0101101
*
Ed
 1e-07 1 1 0
1  442 0 0 2
3  936 937CN 234 0 0 2
0

0101000
+82 0 -132 0 *
Ed
 1e-07 1 1 0
1  443 0 0 6.28318530717959
2  938 234 0 0 6.28318530717959
2  939 248 0 0 6.28318530717959
2  940 14 0 0 6.28318530717959
0

0101000
+82 0 -82 0 *
Wi

0101100
+81 0 -81 0 -80 0 +131 0 *
Fa
0  1e-07 234 0

0101000
+79 0 *
Ve
1e-07
172 28.5 12
0 0

0101101
*
Ed
 1e-07 1 1 0
1  444 0 0 2
3  941 942CN 232 0 0 2
0

0101000
+77 0 -135 0 *
Ed
 1e-07 1 1 0
1  445 0 0 6.28318530717959
2  943 232 0 0 6.28318530717959
2  944 249 0 0 6.28318530717959
2  945 14 0 0 6.28318530717959
0

0101000
+77 0 -77 0 *
Wi

0101100
+76 0 -76 0 -75 0 +134 0 *
Fa
0  1e-07 232 0

0101000
+74 0 *
Ed
 1e-07 1 1 0
1  446 0 0 24
2  946 14 0 0 24
2  947 16 0 0 24
0

0101000
+144 0 -1154 0 *
Wi

0101100
+142 0 -1151 0 -72 0 +137 0 *
Fa
0  1e-07 16 0

0101000
+71 0 *
Ed
 1.5e-07 1 1 0
1  447 0 4 6
2  948 13 0 4 6
2  949 14 0 4 6
0

0101000
+916 0 -1156 0 *
Wi

0101100
+72 0 +141 0 +148 0 +1145 0 -154 0 +923 0 +390 0 +397 0 +415 0 +915 0 
-69 0 +1153 0 *
Wi

0101100
-75 0 *
Wi

0101100
-80 0 *
Wi

0101100
-105 0 *
Wi

0101100
-110 0 *
Wi

0101100
+85 0 +88 0 +93 0 +98 0 *
Fa
0  1e-07 14 0

0101000
+68 0 +67 0 +66 0 +65 0 +64 0 +63 0 *
Ed
 1e-07 1 1 0
1  448 0 0 2
2  950 13 0 0 2
0

0101000
+1158 0 -914 0 *
Wi

0101100
-1155 0 +69 0 +913 0 +61 0 *
Fa
0  1e-07 13 0

0101000
+60 0 *
Ed
 1e-07 1 1 0
1  449 0 0 2
0

0101000
+1160 0 -912 0 *
Wi

0101100
+58 0 -61 0 -1157 0 +911 0 *
Fa
0  1e-07 250 0

0101000
+57 0 *
Ed
 1e-07 1 1 0
1  450 0 0 2
0

0101000
+1162 0 -910 0 *
Wi

0101100
+55 0 -58 0 -1159 0 +909 0 *
Fa
0  1e-07 251 0

0101000
+54 0 *
Ed
 1e-07 1 1 0
1  451 0 0 2
0

0101000
+1164 0 -908 0 *
Wi

0101100
+52 0 -55 0 -1161 0 +907 0 *
Fa
0  1e-07 252 0

0101000
+51 0 *
Ed
 1e-07 1 1 0
1  452 0 0 2
0

0101000
+1166 0 -906 0 *
Wi

0101100
+49 0 -52 0 -1163 0 +905 0 *
Fa
0  1e-07 253 0

0101000
+48 0 *
Ed
 1e-07 1 1 0
1  453 0 0 2
0

0101000
+1168 0 -904 0 *
Wi

0101100
+46 0 -49 0 -1165 0 +903 0 *
Fa
0  1e-07 254 0

0101000
+45 0 *
Ed
 1e-07 1 1 0
1  454 0 0 2
0

0101000
+1170 0 -902 0 *
Wi

0101100
+43 0 -46 0 -1167 0 +901 0 *
Fa
0  1e-07 255 0

0101000
+42 0 *
Ed
 1e-07 1 1 0
1  455 0 0 2
0

0101000
+1172 0 -900 0 *
Wi

0101100
+40 0 -43 0 -1169 0 +899 0 *
Fa
0  1e-07 256 0

0101000
+39 0 *
Ed
 1e-07 1 1 0
1  456 0 0 2
2  951 12 0 0 2
0

0101000
+1174 0 -898 0 *
Wi

0101100
+37 0 -40 0 -1171 0 +897 0 *
Fa
0  1e-07 257 0

0101000
+36 0 *
Ed
 1.5e-07 1 1 0
1  457 0 3.25 5.25
2  952 12 0 3.25 5.25
2  953 11 0 3.25 5.25
0

0101000
+896 0 -1176 0 *
Wi

0101100
-1173 0 -37 0 +895 0 -34 0 *
Fa
0  1e-07 12 0

0101000
+33 0 *
Ed
 1e-07 1 1 0
1  458 0 0 21
2  954 11 0 0 21
2  955 10 0 0 21
0

0101000
+426 0 -1178 0 *
Wi

0101100
+31 0 +424 0 +421 0 +893 0 -34 0 +1175 0 *
Wi

0101100
+431 0 +434 0 +439 0 +444 0 *
Fa
0  1e-07 11 0

0101000
+30 0 +29 0 *
Ed
 1.5e-07 1 1 0
1  459 0 8.5 10.5
2  956 8 0 8.5 10.5
2  957 10 0 8.5 10.5
0

0101000
+888 0 -1180 0 *
Wi

0101100
-463 0 +887 0 -27 0 -1177 0 +31 0 +425 0 *
Fa
0  1e-07 10 0

0101000
+26 0 *
Ed
 1e-07 1 1 0
1  460 0 0 2
2  958 7 0 0 2
2  959 8 0 0 2
0

0101000
+1182 0 -886 0 *
Wi

0101100
-1179 0 +27 0 +885 0 +24 0 *
Fa
0  1e-07 8 0

0101000
+23 0 *
Ed
 1e-07 1 1 0
1  461 0 0 2
2  960 7 0 0 2
2  961 6 0 0 2
0

0101000
+1184 0 -884 0 *
Wi

0101100
+21 0 -24 0 -1181 0 +883 0 *
Fa
0  1e-07 7 0

0101000
+20 0 *
Ed
 1.5e-07 1 1 0
1  462 0 0 2
2  962 6 0 0 2
2  963 4 0 0 2
0

0101000
+1186 0 -882 0 *
Wi

0101100
-1183 0 -21 0 +881 0 +18 0 *
Fa
0  1e-07 6 0

0101000
+17 0 *
Ed
 1e-07 1 1 0
1  463 0 0 27
2  964 2 0 0 27
2  965 4 0 0 27
0

0101000
+1188 0 -491 0 *
Wi

0101100
-18 0 +879 0 -518 0 -490 0 +15 0 +1185 0 *
Fa
0  1e-07 4 0

0101000
+14 0 *
Ed
 1e-07 1 1 0
1  464 0 0 7
2  966 2 0 0 7
2  967 192 0 0 7
0

0101000
+469 0 -1191 0 *
Wi

0101100
+1187 0 +12 0 +15 0 +467 0 +487 0 +472 0 +482 0 +477 0 *
Wi

0101100
-494 0 *
Wi

0101100
-499 0 *
Wi

0101100
-504 0 *
Fa
0  1e-07 2 0

0101000
+11 0 +10 0 +9 0 +8 0 *
Wi

0101100
+196 0 +859 0 -632 0 +571 0 +564 0 +867 0 +557 0 +548 0 +533 0 +875 0 
-529 0 +468 0 +12 0 +1189 0 *
Wi

0101100
-536 0 *
Fa
0  0 258 0

0111000
+6 0 +5 0 *
Sh

0101100
-955 0 +950 0 +686 0 -670 0 -663 0 -658 0 -653 0 -650 0 -643 0 -640 0 
-637 0 +634 0 -610 0 +605 0 +600 0 +595 0 -588 0 -583 0 -578 0 -573 0 
-568 0 -565 0 +559 0 -552 0 -545 0 +539 0 +534 0 -531 0 -507 0 +502 0 
+497 0 +492 0 -485 0 -480 0 -475 0 -470 0 -465 0 -449 0 -442 0 -437 0 
-432 0 -429 0 -422 0 -419 0 -408 0 -401 0 -394 0 -391 0 -387 0 +384 0 
+381 0 +378 0 +375 0 +372 0 -368 0 -365 0 -362 0 -360 0 -356 0 -353 0 
-350 0 -348 0 +345 0 +342 0 -338 0 -335 0 -332 0 -330 0 +327 0 -323 0 
-320 0 -317 0 -315 0 -311 0 -308 0 -305 0 -303 0 +300 0 +297 0 +294 0 
+291 0 +288 0 +285 0 -281 0 -278 0 -275 0 -273 0 -269 0 -266 0 -263 0 
-261 0 -257 0 -254 0 -251 0 -249 0 +246 0 -242 0 -239 0 -236 0 -234 0 
+231 0 -227 0 -224 0 -221 0 -219 0 +216 0 +213 0 +210 0 -206 0 -203 0 
-200 0 -198 0 -194 0 -191 0 -188 0 -185 0 -182 0 -179 0 -176 0 -173 0 
-170 0 -167 0 -164 0 -161 0 -158 0 -155 0 -152 0 -145 0 -138 0 +113 0 
+108 0 +103 0 -96 0 -91 0 -86 0 -83 0 +78 0 +73 0 -70 0 -62 0 
-59 0 -56 0 -53 0 -50 0 -47 0 -44 0 -41 0 -38 0 -35 0 -32 0 
+28 0 -25 0 -22 0 -19 0 -16 0 -13 0 +7 0 -4 0 *
So

0100000
+3 0 *
Co

1100000
+2 0 *

+1 0 